-- MariaDB dump 10.19  Distrib 10.8.3-MariaDB, for debian-linux-gnu (x86_64)
--
-- Host: localhost    Database: pathy
-- ------------------------------------------------------
-- Server version	10.8.3-MariaDB-1:10.8.3+maria~jammy

/*!40101 SET @OLD_CHARACTER_SET_CLIENT=@@CHARACTER_SET_CLIENT */;
/*!40101 SET @OLD_CHARACTER_SET_RESULTS=@@CHARACTER_SET_RESULTS */;
/*!40101 SET @OLD_COLLATION_CONNECTION=@@COLLATION_CONNECTION */;
/*!40101 SET NAMES utf8mb4 */;
/*!40103 SET @OLD_TIME_ZONE=@@TIME_ZONE */;
/*!40103 SET TIME_ZONE='+00:00' */;
/*!40014 SET @OLD_UNIQUE_CHECKS=@@UNIQUE_CHECKS, UNIQUE_CHECKS=0 */;
/*!40014 SET @OLD_FOREIGN_KEY_CHECKS=@@FOREIGN_KEY_CHECKS, FOREIGN_KEY_CHECKS=0 */;
/*!40101 SET @OLD_SQL_MODE=@@SQL_MODE, SQL_MODE='NO_AUTO_VALUE_ON_ZERO' */;
/*!40111 SET @OLD_SQL_NOTES=@@SQL_NOTES, SQL_NOTES=0 */;

--
-- Table structure for table `auth_group`
--

DROP TABLE IF EXISTS `auth_group`;
/*!40101 SET @saved_cs_client     = @@character_set_client */;
/*!40101 SET character_set_client = utf8 */;
CREATE TABLE `auth_group` (
  `id` int(11) NOT NULL AUTO_INCREMENT,
  `name` varchar(150) COLLATE utf8mb4_unicode_ci NOT NULL,
  PRIMARY KEY (`id`),
  UNIQUE KEY `name` (`name`)
) ENGINE=InnoDB DEFAULT CHARSET=utf8mb4 COLLATE=utf8mb4_unicode_ci;
/*!40101 SET character_set_client = @saved_cs_client */;

--
-- Dumping data for table `auth_group`
--

LOCK TABLES `auth_group` WRITE;
/*!40000 ALTER TABLE `auth_group` DISABLE KEYS */;
/*!40000 ALTER TABLE `auth_group` ENABLE KEYS */;
UNLOCK TABLES;

--
-- Table structure for table `auth_group_permissions`
--

DROP TABLE IF EXISTS `auth_group_permissions`;
/*!40101 SET @saved_cs_client     = @@character_set_client */;
/*!40101 SET character_set_client = utf8 */;
CREATE TABLE `auth_group_permissions` (
  `id` bigint(20) NOT NULL AUTO_INCREMENT,
  `group_id` int(11) NOT NULL,
  `permission_id` int(11) NOT NULL,
  PRIMARY KEY (`id`),
  UNIQUE KEY `auth_group_permissions_group_id_permission_id_0cd325b0_uniq` (`group_id`,`permission_id`),
  KEY `auth_group_permissio_permission_id_84c5c92e_fk_auth_perm` (`permission_id`),
  CONSTRAINT `auth_group_permissio_permission_id_84c5c92e_fk_auth_perm` FOREIGN KEY (`permission_id`) REFERENCES `auth_permission` (`id`),
  CONSTRAINT `auth_group_permissions_group_id_b120cbf9_fk_auth_group_id` FOREIGN KEY (`group_id`) REFERENCES `auth_group` (`id`)
) ENGINE=InnoDB DEFAULT CHARSET=utf8mb4 COLLATE=utf8mb4_unicode_ci;
/*!40101 SET character_set_client = @saved_cs_client */;

--
-- Dumping data for table `auth_group_permissions`
--

LOCK TABLES `auth_group_permissions` WRITE;
/*!40000 ALTER TABLE `auth_group_permissions` DISABLE KEYS */;
/*!40000 ALTER TABLE `auth_group_permissions` ENABLE KEYS */;
UNLOCK TABLES;

--
-- Table structure for table `auth_permission`
--

DROP TABLE IF EXISTS `auth_permission`;
/*!40101 SET @saved_cs_client     = @@character_set_client */;
/*!40101 SET character_set_client = utf8 */;
CREATE TABLE `auth_permission` (
  `id` int(11) NOT NULL AUTO_INCREMENT,
  `name` varchar(255) COLLATE utf8mb4_unicode_ci NOT NULL,
  `content_type_id` int(11) NOT NULL,
  `codename` varchar(100) COLLATE utf8mb4_unicode_ci NOT NULL,
  PRIMARY KEY (`id`),
  UNIQUE KEY `auth_permission_content_type_id_codename_01ab375a_uniq` (`content_type_id`,`codename`),
  CONSTRAINT `auth_permission_content_type_id_2f476e4b_fk_django_co` FOREIGN KEY (`content_type_id`) REFERENCES `django_content_type` (`id`)
) ENGINE=InnoDB AUTO_INCREMENT=49 DEFAULT CHARSET=utf8mb4 COLLATE=utf8mb4_unicode_ci;
/*!40101 SET character_set_client = @saved_cs_client */;

--
-- Dumping data for table `auth_permission`
--

LOCK TABLES `auth_permission` WRITE;
/*!40000 ALTER TABLE `auth_permission` DISABLE KEYS */;
INSERT INTO `auth_permission` VALUES
(1,'Can add my user',1,'add_myuser'),
(2,'Can change my user',1,'change_myuser'),
(3,'Can delete my user',1,'delete_myuser'),
(4,'Can view my user',1,'view_myuser'),
(5,'Can add user',2,'add_user'),
(6,'Can change user',2,'change_user'),
(7,'Can delete user',2,'delete_user'),
(8,'Can view user',2,'view_user'),
(9,'Can add article',3,'add_article'),
(10,'Can change article',3,'change_article'),
(11,'Can delete article',3,'delete_article'),
(12,'Can view article',3,'view_article'),
(13,'Can add log entry',4,'add_logentry'),
(14,'Can change log entry',4,'change_logentry'),
(15,'Can delete log entry',4,'delete_logentry'),
(16,'Can view log entry',4,'view_logentry'),
(17,'Can add permission',5,'add_permission'),
(18,'Can change permission',5,'change_permission'),
(19,'Can delete permission',5,'delete_permission'),
(20,'Can view permission',5,'view_permission'),
(21,'Can add group',6,'add_group'),
(22,'Can change group',6,'change_group'),
(23,'Can delete group',6,'delete_group'),
(24,'Can view group',6,'view_group'),
(25,'Can add content type',7,'add_contenttype'),
(26,'Can change content type',7,'change_contenttype'),
(27,'Can delete content type',7,'delete_contenttype'),
(28,'Can view content type',7,'view_contenttype'),
(29,'Can add session',8,'add_session'),
(30,'Can change session',8,'change_session'),
(31,'Can delete session',8,'delete_session'),
(32,'Can view session',8,'view_session'),
(33,'Can add Token',9,'add_token'),
(34,'Can change Token',9,'change_token'),
(35,'Can delete Token',9,'delete_token'),
(36,'Can view Token',9,'view_token'),
(37,'Can add token',10,'add_tokenproxy'),
(38,'Can change token',10,'change_tokenproxy'),
(39,'Can delete token',10,'delete_tokenproxy'),
(40,'Can view token',10,'view_tokenproxy'),
(41,'Can add blacklisted token',11,'add_blacklistedtoken'),
(42,'Can change blacklisted token',11,'change_blacklistedtoken'),
(43,'Can delete blacklisted token',11,'delete_blacklistedtoken'),
(44,'Can view blacklisted token',11,'view_blacklistedtoken'),
(45,'Can add outstanding token',12,'add_outstandingtoken'),
(46,'Can change outstanding token',12,'change_outstandingtoken'),
(47,'Can delete outstanding token',12,'delete_outstandingtoken'),
(48,'Can view outstanding token',12,'view_outstandingtoken');
/*!40000 ALTER TABLE `auth_permission` ENABLE KEYS */;
UNLOCK TABLES;

--
-- Table structure for table `authtoken_token`
--

DROP TABLE IF EXISTS `authtoken_token`;
/*!40101 SET @saved_cs_client     = @@character_set_client */;
/*!40101 SET character_set_client = utf8 */;
CREATE TABLE `authtoken_token` (
  `key` varchar(40) COLLATE utf8mb4_unicode_ci NOT NULL,
  `created` datetime(6) NOT NULL,
  `user_id` bigint(20) NOT NULL,
  PRIMARY KEY (`key`),
  UNIQUE KEY `user_id` (`user_id`),
  CONSTRAINT `authtoken_token_user_id_35299eff_fk_user_myuser_id` FOREIGN KEY (`user_id`) REFERENCES `user_myuser` (`id`)
) ENGINE=InnoDB DEFAULT CHARSET=utf8mb4 COLLATE=utf8mb4_unicode_ci;
/*!40101 SET character_set_client = @saved_cs_client */;

--
-- Dumping data for table `authtoken_token`
--

LOCK TABLES `authtoken_token` WRITE;
/*!40000 ALTER TABLE `authtoken_token` DISABLE KEYS */;
INSERT INTO `authtoken_token` VALUES
('8e036afeafa6654db74dd63b2263076a5a7846d0','2022-10-10 03:46:13.698470',2),
('e333d7d0a9894cd0ae192fe5a2e52157dc00308b','2022-10-09 10:35:36.873810',1);
/*!40000 ALTER TABLE `authtoken_token` ENABLE KEYS */;
UNLOCK TABLES;

--
-- Table structure for table `django_admin_log`
--

DROP TABLE IF EXISTS `django_admin_log`;
/*!40101 SET @saved_cs_client     = @@character_set_client */;
/*!40101 SET character_set_client = utf8 */;
CREATE TABLE `django_admin_log` (
  `id` int(11) NOT NULL AUTO_INCREMENT,
  `action_time` datetime(6) NOT NULL,
  `object_id` longtext COLLATE utf8mb4_unicode_ci DEFAULT NULL,
  `object_repr` varchar(200) COLLATE utf8mb4_unicode_ci NOT NULL,
  `action_flag` smallint(5) unsigned NOT NULL CHECK (`action_flag` >= 0),
  `change_message` longtext COLLATE utf8mb4_unicode_ci NOT NULL,
  `content_type_id` int(11) DEFAULT NULL,
  `user_id` bigint(20) NOT NULL,
  PRIMARY KEY (`id`),
  KEY `django_admin_log_content_type_id_c4bce8eb_fk_django_co` (`content_type_id`),
  KEY `django_admin_log_user_id_c564eba6_fk_user_myuser_id` (`user_id`),
  CONSTRAINT `django_admin_log_content_type_id_c4bce8eb_fk_django_co` FOREIGN KEY (`content_type_id`) REFERENCES `django_content_type` (`id`),
  CONSTRAINT `django_admin_log_user_id_c564eba6_fk_user_myuser_id` FOREIGN KEY (`user_id`) REFERENCES `user_myuser` (`id`)
) ENGINE=InnoDB AUTO_INCREMENT=8 DEFAULT CHARSET=utf8mb4 COLLATE=utf8mb4_unicode_ci;
/*!40101 SET character_set_client = @saved_cs_client */;

--
-- Dumping data for table `django_admin_log`
--

LOCK TABLES `django_admin_log` WRITE;
/*!40000 ALTER TABLE `django_admin_log` DISABLE KEYS */;
INSERT INTO `django_admin_log` VALUES
(1,'2022-10-09 10:29:24.358797','1','test',1,'[{\"added\": {}}]',2,1),
(2,'2022-10-09 10:29:40.415350','2','test_user',1,'[{\"added\": {}}]',2,1),
(3,'2022-10-09 10:29:44.438852','1','test',1,'[{\"added\": {}}]',3,1),
(4,'2022-10-09 10:29:56.196391','1','test',3,'',2,1),
(5,'2022-10-09 10:35:36.875479','1','e333d7d0a9894cd0ae192fe5a2e52157dc00308b',1,'[{\"added\": {}}]',10,1),
(6,'2022-10-10 03:46:13.701907','2','8e036afeafa6654db74dd63b2263076a5a7846d0',1,'[{\"added\": {}}]',10,1),
(7,'2022-10-10 03:46:23.773160','2','aaa@a.com',2,'[{\"changed\": {\"fields\": [\"Is active\"]}}]',1,1);
/*!40000 ALTER TABLE `django_admin_log` ENABLE KEYS */;
UNLOCK TABLES;

--
-- Table structure for table `django_content_type`
--

DROP TABLE IF EXISTS `django_content_type`;
/*!40101 SET @saved_cs_client     = @@character_set_client */;
/*!40101 SET character_set_client = utf8 */;
CREATE TABLE `django_content_type` (
  `id` int(11) NOT NULL AUTO_INCREMENT,
  `app_label` varchar(100) COLLATE utf8mb4_unicode_ci NOT NULL,
  `model` varchar(100) COLLATE utf8mb4_unicode_ci NOT NULL,
  PRIMARY KEY (`id`),
  UNIQUE KEY `django_content_type_app_label_model_76bd3d3b_uniq` (`app_label`,`model`)
) ENGINE=InnoDB AUTO_INCREMENT=13 DEFAULT CHARSET=utf8mb4 COLLATE=utf8mb4_unicode_ci;
/*!40101 SET character_set_client = @saved_cs_client */;

--
-- Dumping data for table `django_content_type`
--

LOCK TABLES `django_content_type` WRITE;
/*!40000 ALTER TABLE `django_content_type` DISABLE KEYS */;
INSERT INTO `django_content_type` VALUES
(4,'admin','logentry'),
(6,'auth','group'),
(5,'auth','permission'),
(9,'authtoken','token'),
(10,'authtoken','tokenproxy'),
(7,'contenttypes','contenttype'),
(3,'memo','article'),
(2,'memo','user'),
(8,'sessions','session'),
(11,'token_blacklist','blacklistedtoken'),
(12,'token_blacklist','outstandingtoken'),
(1,'user','myuser');
/*!40000 ALTER TABLE `django_content_type` ENABLE KEYS */;
UNLOCK TABLES;

--
-- Table structure for table `django_migrations`
--

DROP TABLE IF EXISTS `django_migrations`;
/*!40101 SET @saved_cs_client     = @@character_set_client */;
/*!40101 SET character_set_client = utf8 */;
CREATE TABLE `django_migrations` (
  `id` bigint(20) NOT NULL AUTO_INCREMENT,
  `app` varchar(255) COLLATE utf8mb4_unicode_ci NOT NULL,
  `name` varchar(255) COLLATE utf8mb4_unicode_ci NOT NULL,
  `applied` datetime(6) NOT NULL,
  PRIMARY KEY (`id`)
) ENGINE=InnoDB AUTO_INCREMENT=35 DEFAULT CHARSET=utf8mb4 COLLATE=utf8mb4_unicode_ci;
/*!40101 SET character_set_client = @saved_cs_client */;

--
-- Dumping data for table `django_migrations`
--

LOCK TABLES `django_migrations` WRITE;
/*!40000 ALTER TABLE `django_migrations` DISABLE KEYS */;
INSERT INTO `django_migrations` VALUES
(1,'user','0001_initial','2022-10-09 10:18:28.554831'),
(2,'contenttypes','0001_initial','2022-10-09 10:18:28.666195'),
(3,'admin','0001_initial','2022-10-09 10:18:28.814567'),
(4,'admin','0002_logentry_remove_auto_add','2022-10-09 10:18:28.831678'),
(5,'admin','0003_logentry_add_action_flag_choices','2022-10-09 10:18:28.843840'),
(6,'contenttypes','0002_remove_content_type_name','2022-10-09 10:18:28.948492'),
(7,'auth','0001_initial','2022-10-09 10:18:29.264116'),
(8,'auth','0002_alter_permission_name_max_length','2022-10-09 10:18:29.349333'),
(9,'auth','0003_alter_user_email_max_length','2022-10-09 10:18:29.366119'),
(10,'auth','0004_alter_user_username_opts','2022-10-09 10:18:29.383128'),
(11,'auth','0005_alter_user_last_login_null','2022-10-09 10:18:29.407355'),
(12,'auth','0006_require_contenttypes_0002','2022-10-09 10:18:29.426126'),
(13,'auth','0007_alter_validators_add_error_messages','2022-10-09 10:18:29.442631'),
(14,'auth','0008_alter_user_username_max_length','2022-10-09 10:18:29.472972'),
(15,'auth','0009_alter_user_last_name_max_length','2022-10-09 10:18:29.491215'),
(16,'auth','0010_alter_group_name_max_length','2022-10-09 10:18:29.548920'),
(17,'auth','0011_update_proxy_permissions','2022-10-09 10:18:29.577293'),
(18,'auth','0012_alter_user_first_name_max_length','2022-10-09 10:18:29.607134'),
(19,'authtoken','0001_initial','2022-10-09 10:18:29.728016'),
(20,'authtoken','0002_auto_20160226_1747','2022-10-09 10:18:29.754409'),
(21,'authtoken','0003_tokenproxy','2022-10-09 10:18:29.767011'),
(22,'memo','0001_initial','2022-10-09 10:18:29.919542'),
(23,'sessions','0001_initial','2022-10-09 10:18:30.020524'),
(24,'token_blacklist','0001_initial','2022-10-09 10:18:30.232536'),
(25,'token_blacklist','0002_outstandingtoken_jti_hex','2022-10-09 10:18:30.334397'),
(26,'token_blacklist','0003_auto_20171017_2007','2022-10-09 10:18:30.417550'),
(27,'token_blacklist','0004_auto_20171017_2013','2022-10-09 10:18:30.528234'),
(28,'token_blacklist','0005_remove_outstandingtoken_jti','2022-10-09 10:18:30.577290'),
(29,'token_blacklist','0006_auto_20171017_2113','2022-10-09 10:18:30.653726'),
(30,'token_blacklist','0007_auto_20171017_2214','2022-10-09 10:18:30.963635'),
(31,'token_blacklist','0008_migrate_to_bigautofield','2022-10-09 10:18:31.242601'),
(32,'token_blacklist','0010_fix_migrate_to_bigautofield','2022-10-09 10:18:31.260992'),
(33,'token_blacklist','0011_linearizes_history','2022-10-09 10:18:31.269396'),
(34,'memo','0002_alter_article_author_delete_user','2022-10-11 07:35:21.048091');
/*!40000 ALTER TABLE `django_migrations` ENABLE KEYS */;
UNLOCK TABLES;

--
-- Table structure for table `django_session`
--

DROP TABLE IF EXISTS `django_session`;
/*!40101 SET @saved_cs_client     = @@character_set_client */;
/*!40101 SET character_set_client = utf8 */;
CREATE TABLE `django_session` (
  `session_key` varchar(40) COLLATE utf8mb4_unicode_ci NOT NULL,
  `session_data` longtext COLLATE utf8mb4_unicode_ci NOT NULL,
  `expire_date` datetime(6) NOT NULL,
  PRIMARY KEY (`session_key`),
  KEY `django_session_expire_date_a5c62663` (`expire_date`)
) ENGINE=InnoDB DEFAULT CHARSET=utf8mb4 COLLATE=utf8mb4_unicode_ci;
/*!40101 SET character_set_client = @saved_cs_client */;

--
-- Dumping data for table `django_session`
--

LOCK TABLES `django_session` WRITE;
/*!40000 ALTER TABLE `django_session` DISABLE KEYS */;
INSERT INTO `django_session` VALUES
('mad7ew4acklvdwgq2sns5dzf0xirf7g0','.eJxVjMEOwiAQRP-FsyGFhRU8evcbyMJSqRpISnsy_rtt0oNmbvPezFsEWpcS1p7nMLG4CCVOv12k9Mx1B_ygem8ytbrMU5S7Ig_a5a1xfl0P9--gUC_bGkzc4jVpk2m0hGdCYGJ2iAMMGAG8QeXRKecZtYdkNfKoUFOywOLzBc4rNxU:1oiIEG:CSh9-y6GpY2MjvTCdC6uKhy-56DmoWBOqM8neYXTJus','2022-10-25 16:35:40.008661'),
('uht9lgrhspikyn33yi93kfmy79789ndj','.eJxVjMEOwiAQRP-FsyGFhRU8evcbyMJSqRpISnsy_rtt0oNmbvPezFsEWpcS1p7nMLG4CCVOv12k9Mx1B_ygem8ytbrMU5S7Ig_a5a1xfl0P9--gUC_bGkzc4jVpk2m0hGdCYGJ2iAMMGAG8QeXRKecZtYdkNfKoUFOywOLzBc4rNxU:1ohTYI:RXqejVUpZLZVArbq6byFvhpNYGKy5DQi14fA2_TLp3I','2022-10-23 10:28:58.610843');
/*!40000 ALTER TABLE `django_session` ENABLE KEYS */;
UNLOCK TABLES;

--
-- Table structure for table `memo_article`
--

DROP TABLE IF EXISTS `memo_article`;
/*!40101 SET @saved_cs_client     = @@character_set_client */;
/*!40101 SET character_set_client = utf8 */;
CREATE TABLE `memo_article` (
  `id` bigint(20) NOT NULL AUTO_INCREMENT,
  `title` varchar(30) COLLATE utf8mb4_unicode_ci NOT NULL,
  `article_text` varchar(1000) COLLATE utf8mb4_unicode_ci NOT NULL,
  `created_at` datetime(6) NOT NULL,
  `updated_at` datetime(6) NOT NULL,
  `author_id` bigint(20) NOT NULL,
  PRIMARY KEY (`id`),
  KEY `memo_article_author_id_80882ab0_fk_memo_user_id` (`author_id`),
  CONSTRAINT `memo_article_author_id_80882ab0_fk_user_myuser_id` FOREIGN KEY (`author_id`) REFERENCES `user_myuser` (`id`)
) ENGINE=InnoDB AUTO_INCREMENT=2 DEFAULT CHARSET=utf8mb4 COLLATE=utf8mb4_unicode_ci;
/*!40101 SET character_set_client = @saved_cs_client */;

--
-- Dumping data for table `memo_article`
--

LOCK TABLES `memo_article` WRITE;
/*!40000 ALTER TABLE `memo_article` DISABLE KEYS */;
INSERT INTO `memo_article` VALUES
(1,'test','hogehoge','2022-10-09 10:29:44.437592','2022-10-09 10:29:44.437643',2);
/*!40000 ALTER TABLE `memo_article` ENABLE KEYS */;
UNLOCK TABLES;

--
-- Table structure for table `token_blacklist_blacklistedtoken`
--

DROP TABLE IF EXISTS `token_blacklist_blacklistedtoken`;
/*!40101 SET @saved_cs_client     = @@character_set_client */;
/*!40101 SET character_set_client = utf8 */;
CREATE TABLE `token_blacklist_blacklistedtoken` (
  `id` bigint(20) NOT NULL AUTO_INCREMENT,
  `blacklisted_at` datetime(6) NOT NULL,
  `token_id` bigint(20) NOT NULL,
  PRIMARY KEY (`id`),
  UNIQUE KEY `token_id` (`token_id`),
  CONSTRAINT `token_blacklist_blacklistedtoken_token_id_3cc7fe56_fk` FOREIGN KEY (`token_id`) REFERENCES `token_blacklist_outstandingtoken` (`id`)
) ENGINE=InnoDB AUTO_INCREMENT=6 DEFAULT CHARSET=utf8mb4 COLLATE=utf8mb4_unicode_ci;
/*!40101 SET character_set_client = @saved_cs_client */;

--
-- Dumping data for table `token_blacklist_blacklistedtoken`
--

LOCK TABLES `token_blacklist_blacklistedtoken` WRITE;
/*!40000 ALTER TABLE `token_blacklist_blacklistedtoken` DISABLE KEYS */;
INSERT INTO `token_blacklist_blacklistedtoken` VALUES
(1,'2022-10-16 08:10:26.554046',260),
(2,'2022-10-16 08:14:04.495923',261),
(3,'2022-10-16 08:51:02.447538',258),
(4,'2022-10-16 10:12:46.029926',262),
(5,'2022-10-16 11:15:43.776229',263);
/*!40000 ALTER TABLE `token_blacklist_blacklistedtoken` ENABLE KEYS */;
UNLOCK TABLES;

--
-- Table structure for table `token_blacklist_outstandingtoken`
--

DROP TABLE IF EXISTS `token_blacklist_outstandingtoken`;
/*!40101 SET @saved_cs_client     = @@character_set_client */;
/*!40101 SET character_set_client = utf8 */;
CREATE TABLE `token_blacklist_outstandingtoken` (
  `id` bigint(20) NOT NULL AUTO_INCREMENT,
  `token` longtext COLLATE utf8mb4_unicode_ci NOT NULL,
  `created_at` datetime(6) DEFAULT NULL,
  `expires_at` datetime(6) NOT NULL,
  `user_id` bigint(20) DEFAULT NULL,
  `jti` varchar(255) COLLATE utf8mb4_unicode_ci NOT NULL,
  PRIMARY KEY (`id`),
  UNIQUE KEY `token_blacklist_outstandingtoken_jti_hex_d9bdf6f7_uniq` (`jti`),
  KEY `token_blacklist_outs_user_id_83bc629a_fk_user_myus` (`user_id`),
  CONSTRAINT `token_blacklist_outs_user_id_83bc629a_fk_user_myus` FOREIGN KEY (`user_id`) REFERENCES `user_myuser` (`id`)
) ENGINE=InnoDB AUTO_INCREMENT=264 DEFAULT CHARSET=utf8mb4 COLLATE=utf8mb4_unicode_ci;
/*!40101 SET character_set_client = @saved_cs_client */;

--
-- Dumping data for table `token_blacklist_outstandingtoken`
--

LOCK TABLES `token_blacklist_outstandingtoken` WRITE;
/*!40000 ALTER TABLE `token_blacklist_outstandingtoken` DISABLE KEYS */;
INSERT INTO `token_blacklist_outstandingtoken` VALUES
(1,'eyJhbGciOiJIUzI1NiIsInR5cCI6IkpXVCJ9.eyJ0b2tlbl90eXBlIjoicmVmcmVzaCIsImV4cCI6MTY2NzkzMjgwNiwianRpIjoiMzgxYTI2MjM0Yjk5NDIyNjljODkyNmJhYjE5Y2FlYjkiLCJ1c2VyX2lkIjoxfQ.xWSus-AmM3jdqXK9uJyTxrS-xSwOs52w9wX2Wm_saPk','2022-10-09 18:40:06.474744','2022-11-08 18:40:06.000000',1,'381a26234b9942269c8926bab19caeb9'),
(2,'eyJhbGciOiJIUzI1NiIsInR5cCI6IkpXVCJ9.eyJ0b2tlbl90eXBlIjoicmVmcmVzaCIsImV4cCI6MTY2Nzk2NDIzMCwianRpIjoiYjFjMTIzNzNkMTNkNDE1ZDhjZWEyZDZkOTFmYzBjOTIiLCJ1c2VyX2lkIjoxfQ.1SgKVyp06Oq0NqOS5HBxh6WVmGuwZmfdxPnNCmU9Z9k','2022-10-10 03:23:50.485970','2022-11-09 03:23:50.000000',1,'b1c12373d13d415d8cea2d6d91fc0c92'),
(3,'eyJhbGciOiJIUzI1NiIsInR5cCI6IkpXVCJ9.eyJ0b2tlbl90eXBlIjoicmVmcmVzaCIsImV4cCI6MTY2Nzk2NTY2NiwianRpIjoiZWNmYjAzNTU5ZGFjNDAxNDgyYTY3MzllYjVjNGZjNmIiLCJ1c2VyX2lkIjoxfQ.K8Y806k8plrGoIFQQiZZFHQcgQHdLC1X5lgLVbm2yxY','2022-10-10 03:47:46.598222','2022-11-09 03:47:46.000000',1,'ecfb03559dac401482a6739eb5c4fc6b'),
(4,'eyJhbGciOiJIUzI1NiIsInR5cCI6IkpXVCJ9.eyJ0b2tlbl90eXBlIjoicmVmcmVzaCIsImV4cCI6MTY2Nzk3Njk4NCwianRpIjoiNTZlN2MyZmVhOTVjNGUyZTkzNzU4MDQwNTM4MDU1YjAiLCJ1c2VyX2lkIjoxfQ.Y_9OwY8jdo5KMaUtk3uyL_SYlBlxQmRm48nTBkMS9uo','2022-10-10 06:56:24.405628','2022-11-09 06:56:24.000000',1,'56e7c2fea95c4e2e93758040538055b0'),
(5,'eyJhbGciOiJIUzI1NiIsInR5cCI6IkpXVCJ9.eyJ0b2tlbl90eXBlIjoicmVmcmVzaCIsImV4cCI6MTY2ODI1MTUxMywianRpIjoiZDM3YTMwYjc2ZmNlNDU4YmFiNjczN2QzOWE3YjE3MjgiLCJ1c2VyX2lkIjoxfQ.N8Y4yB1QnrOng_z_PXMMG7n58EGuJvyvdBtQ3tyfxOY','2022-10-13 11:11:53.405872','2022-11-12 11:11:53.000000',1,'d37a30b76fce458bab6737d39a7b1728'),
(6,'eyJhbGciOiJIUzI1NiIsInR5cCI6IkpXVCJ9.eyJ0b2tlbl90eXBlIjoicmVmcmVzaCIsImV4cCI6MTY2ODI2NDE2MCwianRpIjoiMTg3NmI0ZmRmMzAyNDM2MGFhMDkzYmQwYmNjYzUyNzEiLCJ1c2VyX2lkIjoxfQ.dynLmiOSU8FUyG_Hmuk2eSWaDAEI9gCzBbVcWlFTDuM','2022-10-13 14:42:40.128873','2022-11-12 14:42:40.000000',1,'1876b4fdf3024360aa093bd0bccc5271'),
(7,'eyJhbGciOiJIUzI1NiIsInR5cCI6IkpXVCJ9.eyJ0b2tlbl90eXBlIjoicmVmcmVzaCIsImV4cCI6MTY2ODI2NDE2MywianRpIjoiNjE3MzYyNDRhMGJiNGMwNTk4NDNiZjMxMWI3ZTlhNmIiLCJ1c2VyX2lkIjoxfQ.jPla0Zd7c38EXUV9-puwijmFWw6PzmrU8U00Rx7-0Ng','2022-10-13 14:42:43.992246','2022-11-12 14:42:43.000000',1,'61736244a0bb4c059843bf311b7e9a6b'),
(8,'eyJhbGciOiJIUzI1NiIsInR5cCI6IkpXVCJ9.eyJ0b2tlbl90eXBlIjoicmVmcmVzaCIsImV4cCI6MTY2ODI2NDMwMSwianRpIjoiMDNiNmJmNjUyYjUyNDA3YTllYTVhNDIyYWQwZTBhMGIiLCJ1c2VyX2lkIjoxfQ.jrIfPY75wS7zIz4SMZzs1avbnqDOCu8XsSVOs7pqxks','2022-10-13 14:45:01.996049','2022-11-12 14:45:01.000000',1,'03b6bf652b52407a9ea5a422ad0e0a0b'),
(9,'eyJhbGciOiJIUzI1NiIsInR5cCI6IkpXVCJ9.eyJ0b2tlbl90eXBlIjoicmVmcmVzaCIsImV4cCI6MTY2ODI2NDg2MiwianRpIjoiZmQxZDZlYTZkOGQ2NDk3N2FjOGJiMzIwYjU0YzkzYWIiLCJ1c2VyX2lkIjoxfQ.yzTjXtv_udRdbRDekPpnhiYGDmVBsPUwN9xGGeFvDEA','2022-10-13 14:54:22.039007','2022-11-12 14:54:22.000000',1,'fd1d6ea6d8d64977ac8bb320b54c93ab'),
(10,'eyJhbGciOiJIUzI1NiIsInR5cCI6IkpXVCJ9.eyJ0b2tlbl90eXBlIjoicmVmcmVzaCIsImV4cCI6MTY2ODI2NDk5NiwianRpIjoiMmM2NDljMWZiNjI5NDE5OWJhOTIzODg4NGE2NDc4ZjMiLCJ1c2VyX2lkIjoxfQ.4tJUlnFT4u2g3rfJrpIx1jLejYyHUKnfoPiY4KUT4HA','2022-10-13 14:56:36.478551','2022-11-12 14:56:36.000000',1,'2c649c1fb6294199ba9238884a6478f3'),
(11,'eyJhbGciOiJIUzI1NiIsInR5cCI6IkpXVCJ9.eyJ0b2tlbl90eXBlIjoicmVmcmVzaCIsImV4cCI6MTY2ODI2NTA3OSwianRpIjoiMGIyODYyZTBmOGMxNDcwNTlkOGM4OTEwM2JlYmQ3ZWYiLCJ1c2VyX2lkIjoxfQ.q-B4KTql8cfHkRtEqdnGOOgtpjr_i4eEnGmE589xLEg','2022-10-13 14:57:59.107289','2022-11-12 14:57:59.000000',1,'0b2862e0f8c147059d8c89103bebd7ef'),
(12,'eyJhbGciOiJIUzI1NiIsInR5cCI6IkpXVCJ9.eyJ0b2tlbl90eXBlIjoicmVmcmVzaCIsImV4cCI6MTY2ODI2NTExMSwianRpIjoiZjhmMTIwMWM3Nzk4NDJiY2E2NzY1YjE1ZGY4MjgxNjIiLCJ1c2VyX2lkIjoxfQ.PquQ818KwfjdP_rpLJpADI7EwY_GFbPMeCY2ZR1HMyo','2022-10-13 14:58:31.752426','2022-11-12 14:58:31.000000',1,'f8f1201c779842bca6765b15df828162'),
(13,'eyJhbGciOiJIUzI1NiIsInR5cCI6IkpXVCJ9.eyJ0b2tlbl90eXBlIjoicmVmcmVzaCIsImV4cCI6MTY2ODI2NTE0OCwianRpIjoiNTE3YjYxNTNhMjlhNDViNjkyODIzZjEyN2IwZDA1NDUiLCJ1c2VyX2lkIjoxfQ.melfdZiEPo-FZJYFWh438tjLodJZdyeZKHZ1bnhDgWU','2022-10-13 14:59:08.994340','2022-11-12 14:59:08.000000',1,'517b6153a29a45b692823f127b0d0545'),
(14,'eyJhbGciOiJIUzI1NiIsInR5cCI6IkpXVCJ9.eyJ0b2tlbl90eXBlIjoicmVmcmVzaCIsImV4cCI6MTY2ODI2NTI1NiwianRpIjoiNDdkZGFlOWQ1NDE3NDgwMmJmNTU0MWIxNjM5OTlmZjAiLCJ1c2VyX2lkIjoxfQ.o6sYQ8wzLwaDYpZwYfTABbuv2mEqQH6vS_7NbKpWcoc','2022-10-13 15:00:56.880648','2022-11-12 15:00:56.000000',1,'47ddae9d54174802bf5541b163999ff0'),
(15,'eyJhbGciOiJIUzI1NiIsInR5cCI6IkpXVCJ9.eyJ0b2tlbl90eXBlIjoicmVmcmVzaCIsImV4cCI6MTY2ODI2NTQ1MSwianRpIjoiZDVkZDczODZkODI0NGQ4Yzk5ZTk5Njg2NjAxNjZmNTQiLCJ1c2VyX2lkIjoxfQ.5b_2S4k7W7AvTlu7I_dQafdpNNU4OELAOkvhDEJojiU','2022-10-13 15:04:11.810999','2022-11-12 15:04:11.000000',1,'d5dd7386d8244d8c99e9968660166f54'),
(16,'eyJhbGciOiJIUzI1NiIsInR5cCI6IkpXVCJ9.eyJ0b2tlbl90eXBlIjoicmVmcmVzaCIsImV4cCI6MTY2ODI2NTcwNiwianRpIjoiOTgyNGIxYzhmN2E2NDA2MmE2MWFlZTliMWE2ZTA1OWYiLCJ1c2VyX2lkIjoxfQ._Cc3BMskP-qDcXTfJkwfZ-TEHEDxeH8ZFgJX07pv5xo','2022-10-13 15:08:26.404222','2022-11-12 15:08:26.000000',1,'9824b1c8f7a64062a61aee9b1a6e059f'),
(17,'eyJhbGciOiJIUzI1NiIsInR5cCI6IkpXVCJ9.eyJ0b2tlbl90eXBlIjoicmVmcmVzaCIsImV4cCI6MTY2ODI2NTc3NywianRpIjoiYjVkMDI3ZGM2MjY4NDhiOGI3ZjE4ODYwYzI5ODQxYzIiLCJ1c2VyX2lkIjoxfQ.e3dKviGpgplsMriNSwn_AT-K3ZSdv1tWN3Av62EPVp8','2022-10-13 15:09:37.677653','2022-11-12 15:09:37.000000',1,'b5d027dc626848b8b7f18860c29841c2'),
(18,'eyJhbGciOiJIUzI1NiIsInR5cCI6IkpXVCJ9.eyJ0b2tlbl90eXBlIjoicmVmcmVzaCIsImV4cCI6MTY2ODI2NTc4MSwianRpIjoiYzMwOWUxZDdlOWI0NGVlNjk1MjcwMmE3MWExZDA4YzEiLCJ1c2VyX2lkIjoxfQ.jQKCuOYViehFpOJ4ovcH0DDWEgmJxAvyxb9DDPWYJXc','2022-10-13 15:09:41.398727','2022-11-12 15:09:41.000000',1,'c309e1d7e9b44ee6952702a71a1d08c1'),
(19,'eyJhbGciOiJIUzI1NiIsInR5cCI6IkpXVCJ9.eyJ0b2tlbl90eXBlIjoicmVmcmVzaCIsImV4cCI6MTY2ODI2NjAxNSwianRpIjoiZjBhM2IxZTZiMzIxNGUyNThmOGUwMzUwZjA3ZWYxOGQiLCJ1c2VyX2lkIjoxfQ.xMaZx83yEnXcILNY3oRBx32k3Ef35mURBqfzXpvjMIg','2022-10-13 15:13:35.300794','2022-11-12 15:13:35.000000',1,'f0a3b1e6b3214e258f8e0350f07ef18d'),
(20,'eyJhbGciOiJIUzI1NiIsInR5cCI6IkpXVCJ9.eyJ0b2tlbl90eXBlIjoicmVmcmVzaCIsImV4cCI6MTY2ODI2NjAxOCwianRpIjoiYjJhNWM2MDcwMTJmNGRmMGE4OGJiODM1N2I2ZDFjN2MiLCJ1c2VyX2lkIjoxfQ.yEu7Nkv_6AtGaSeMWkmIoHpVEomfmVbnotc25BT7_Pc','2022-10-13 15:13:38.931018','2022-11-12 15:13:38.000000',1,'b2a5c607012f4df0a88bb8357b6d1c7c'),
(21,'eyJhbGciOiJIUzI1NiIsInR5cCI6IkpXVCJ9.eyJ0b2tlbl90eXBlIjoicmVmcmVzaCIsImV4cCI6MTY2ODI2NjAyNCwianRpIjoiOWQ1YzVkMDg4MjdlNDM2ZmI5ODdlNjQxZmIyOTNmMmYiLCJ1c2VyX2lkIjoxfQ.HEyT1hp9gFYkSNTx2DmqPme-Eog51gi-v7gswiZPV0s','2022-10-13 15:13:44.945866','2022-11-12 15:13:44.000000',1,'9d5c5d08827e436fb987e641fb293f2f'),
(22,'eyJhbGciOiJIUzI1NiIsInR5cCI6IkpXVCJ9.eyJ0b2tlbl90eXBlIjoicmVmcmVzaCIsImV4cCI6MTY2ODI2NjEzNSwianRpIjoiNDZiZGM0MmEyM2UyNDRhY2EzZjM4ZWQwNWQ1MmMxMDQiLCJ1c2VyX2lkIjoxfQ.CRJqXgBsstiStmGconFL2oCLUIWKPY-DQ1Btoj_Sk8M','2022-10-13 15:15:35.889479','2022-11-12 15:15:35.000000',1,'46bdc42a23e244aca3f38ed05d52c104'),
(23,'eyJhbGciOiJIUzI1NiIsInR5cCI6IkpXVCJ9.eyJ0b2tlbl90eXBlIjoicmVmcmVzaCIsImV4cCI6MTY2ODI2NjUyMCwianRpIjoiNzY1NDY5Yjc2OGEzNDZjNzg0OTE2NDM3MTM0Y2JmMWQiLCJ1c2VyX2lkIjoxfQ.UC4Q1rNlGxAUuw4IUVEOVamd21iBjN6Fuw_quKGxRGs','2022-10-13 15:22:00.500780','2022-11-12 15:22:00.000000',1,'765469b768a346c784916437134cbf1d'),
(24,'eyJhbGciOiJIUzI1NiIsInR5cCI6IkpXVCJ9.eyJ0b2tlbl90eXBlIjoicmVmcmVzaCIsImV4cCI6MTY2ODI2NjUyMywianRpIjoiY2VlMDIyMDlmOWMxNDhhOGI2MjNhNjdhMTVhMTAxYTMiLCJ1c2VyX2lkIjoxfQ.HtEABLRIsF7ncecIMyuIRBt7Cut6fEHfJTfPKPjdOMo','2022-10-13 15:22:03.937952','2022-11-12 15:22:03.000000',1,'cee02209f9c148a8b623a67a15a101a3'),
(25,'eyJhbGciOiJIUzI1NiIsInR5cCI6IkpXVCJ9.eyJ0b2tlbl90eXBlIjoicmVmcmVzaCIsImV4cCI6MTY2ODI2NjU3OSwianRpIjoiODk2Zjg3NzhkZDRiNDQ5OWE2OThiYzU5OTQ3ZjU1MGEiLCJ1c2VyX2lkIjoxfQ.b-uceO1v7xjCclhdCT7Z6tdbfDNf4AzE4YWSqfaTsGg','2022-10-13 15:22:59.619166','2022-11-12 15:22:59.000000',1,'896f8778dd4b4499a698bc59947f550a'),
(26,'eyJhbGciOiJIUzI1NiIsInR5cCI6IkpXVCJ9.eyJ0b2tlbl90eXBlIjoicmVmcmVzaCIsImV4cCI6MTY2ODI2Njc4MSwianRpIjoiMTlmYWQ1NGU4Nzk1NGZkNjhjYjViMWEyYmQ4ODgzOWMiLCJ1c2VyX2lkIjoxfQ.5YB1J6YujoFLSLf4tF41zlNvXzlP5xEpS53tQAEAHrU','2022-10-13 15:26:21.400155','2022-11-12 15:26:21.000000',1,'19fad54e87954fd68cb5b1a2bd88839c'),
(27,'eyJhbGciOiJIUzI1NiIsInR5cCI6IkpXVCJ9.eyJ0b2tlbl90eXBlIjoicmVmcmVzaCIsImV4cCI6MTY2ODI2NzY1MSwianRpIjoiM2Y4MGY1MjY2M2I3NDE2M2JmNGU2ZGU4NmI3YWYzMTUiLCJ1c2VyX2lkIjoxfQ.WcQu506y-yTHWQnzg6Y_MTR_pc-o9NXn5qr4ZvWXawk','2022-10-13 15:40:51.337147','2022-11-12 15:40:51.000000',1,'3f80f52663b74163bf4e6de86b7af315'),
(28,'eyJhbGciOiJIUzI1NiIsInR5cCI6IkpXVCJ9.eyJ0b2tlbl90eXBlIjoicmVmcmVzaCIsImV4cCI6MTY2ODI2NzY1NSwianRpIjoiYTgyMWQyZDEwMDlkNGFjYjg1OGNkOGIzNDZiZTBmZGQiLCJ1c2VyX2lkIjoxfQ.levnA6JbcONmwztlsMP959FJkPQ1vzCx4X-CUd7IyiQ','2022-10-13 15:40:55.072695','2022-11-12 15:40:55.000000',1,'a821d2d1009d4acb858cd8b346be0fdd'),
(29,'eyJhbGciOiJIUzI1NiIsInR5cCI6IkpXVCJ9.eyJ0b2tlbl90eXBlIjoicmVmcmVzaCIsImV4cCI6MTY2ODI2NzY1OCwianRpIjoiNzM2M2M5Mzc4OTBjNGM4NTk1Y2M2NzQ0ZjVlYmJiNmQiLCJ1c2VyX2lkIjoxfQ.RwHJeT-SoxGf_vWGR3SW52X1nWAZf2JWgUOU6jaEZQ0','2022-10-13 15:40:58.158054','2022-11-12 15:40:58.000000',1,'7363c937890c4c8595cc6744f5ebbb6d'),
(30,'eyJhbGciOiJIUzI1NiIsInR5cCI6IkpXVCJ9.eyJ0b2tlbl90eXBlIjoicmVmcmVzaCIsImV4cCI6MTY2ODI2NzY3MSwianRpIjoiZDQ0ZDExNjJiNTYyNDU2NmEwNzYzNWVhMzFhOTAyYzEiLCJ1c2VyX2lkIjoxfQ.ftStHDftzjQ-s5D6SstNY5YgpFobcSG7bLEEc_xeCi8','2022-10-13 15:41:11.612380','2022-11-12 15:41:11.000000',1,'d44d1162b5624566a07635ea31a902c1'),
(31,'eyJhbGciOiJIUzI1NiIsInR5cCI6IkpXVCJ9.eyJ0b2tlbl90eXBlIjoicmVmcmVzaCIsImV4cCI6MTY2ODI2NzY3MiwianRpIjoiY2U2ODZjZWY4Y2ZkNGM0NGFlOWZlMzRlMDM3MmFiMDgiLCJ1c2VyX2lkIjoxfQ.7YiQgb-evMS8bSIhDxMwx_SoKUKGG0S2hopamjrRaGM','2022-10-13 15:41:12.458244','2022-11-12 15:41:12.000000',1,'ce686cef8cfd4c44ae9fe34e0372ab08'),
(32,'eyJhbGciOiJIUzI1NiIsInR5cCI6IkpXVCJ9.eyJ0b2tlbl90eXBlIjoicmVmcmVzaCIsImV4cCI6MTY2ODI2Nzk3NCwianRpIjoiYjRiMjJlNzZkYjkyNDdkZDgxNGJmMDQ0ZDA3NDQ5ZGEiLCJ1c2VyX2lkIjoxfQ.vhCXz4tOujHndMxsPpn1vNbmagZFG6yBl8xVjpPuPd8','2022-10-13 15:46:14.735406','2022-11-12 15:46:14.000000',1,'b4b22e76db9247dd814bf044d07449da'),
(33,'eyJhbGciOiJIUzI1NiIsInR5cCI6IkpXVCJ9.eyJ0b2tlbl90eXBlIjoicmVmcmVzaCIsImV4cCI6MTY2ODI2Nzk3OCwianRpIjoiNTE5OWJlYjM3OWQ3NDIwYmJiZjczN2FkYzc3MDgwODUiLCJ1c2VyX2lkIjoxfQ.IMwZqlhIqwFEE8eZ4Z1V-7M2aTrTptd5JHantvUM86g','2022-10-13 15:46:18.980493','2022-11-12 15:46:18.000000',1,'5199beb379d7420bbbf737adc7708085'),
(34,'eyJhbGciOiJIUzI1NiIsInR5cCI6IkpXVCJ9.eyJ0b2tlbl90eXBlIjoicmVmcmVzaCIsImV4cCI6MTY2ODI2ODA4NiwianRpIjoiYjZlM2M0NTdiMGFlNDJlMWJhOGYzYjE4ZWJhYzFjODMiLCJ1c2VyX2lkIjoxfQ.aVc7rIzgYA7UeEYI4NXB1H71KnwfYB_1whCpgy1KLQ0','2022-10-13 15:48:06.390083','2022-11-12 15:48:06.000000',1,'b6e3c457b0ae42e1ba8f3b18ebac1c83'),
(35,'eyJhbGciOiJIUzI1NiIsInR5cCI6IkpXVCJ9.eyJ0b2tlbl90eXBlIjoicmVmcmVzaCIsImV4cCI6MTY2ODI2ODA4NywianRpIjoiOTJkYWM1NGY5NGVhNDRhNTgxM2Y2MjljY2U4Mjc3YzMiLCJ1c2VyX2lkIjoxfQ.po6h4jcbPljIWDEq71X5HYS8yikj3I6R4yx1-SEyt8U','2022-10-13 15:48:07.957006','2022-11-12 15:48:07.000000',1,'92dac54f94ea44a5813f629cce8277c3'),
(36,'eyJhbGciOiJIUzI1NiIsInR5cCI6IkpXVCJ9.eyJ0b2tlbl90eXBlIjoicmVmcmVzaCIsImV4cCI6MTY2ODI2ODI1MCwianRpIjoiNGFiMDRhYzI1Yjc0NGRlNmEzYzIzYzg2Yzk5MWI0YWEiLCJ1c2VyX2lkIjoxfQ.6j7cdjO5yTTtMfE6iiNpf_Io7SvZBIKLgX4y6cOv8cE','2022-10-13 15:50:50.687728','2022-11-12 15:50:50.000000',1,'4ab04ac25b744de6a3c23c86c991b4aa'),
(37,'eyJhbGciOiJIUzI1NiIsInR5cCI6IkpXVCJ9.eyJ0b2tlbl90eXBlIjoicmVmcmVzaCIsImV4cCI6MTY2ODI2ODI1MiwianRpIjoiMzQyOWQyYWNlNTEwNDNiYjhkYWQ4MDY0YmM3ZTljYTEiLCJ1c2VyX2lkIjoxfQ.SwhZOzudBr7yWbt7mZG_lt1d7MNqGjOOCxWaNajnPZw','2022-10-13 15:50:52.551193','2022-11-12 15:50:52.000000',1,'3429d2ace51043bb8dad8064bc7e9ca1'),
(38,'eyJhbGciOiJIUzI1NiIsInR5cCI6IkpXVCJ9.eyJ0b2tlbl90eXBlIjoicmVmcmVzaCIsImV4cCI6MTY2ODI2ODMxOCwianRpIjoiYWQ3NGZkNjRmNTg3NDQzOGI1MTk3MmI1ZGFkYWIyNjQiLCJ1c2VyX2lkIjoxfQ.KsZGgYrLYW8435phrbuC4IiCRxMV7n0h5xIWOlFtGaM','2022-10-13 15:51:58.266034','2022-11-12 15:51:58.000000',1,'ad74fd64f5874438b51972b5dadab264'),
(39,'eyJhbGciOiJIUzI1NiIsInR5cCI6IkpXVCJ9.eyJ0b2tlbl90eXBlIjoicmVmcmVzaCIsImV4cCI6MTY2ODI2ODM4NiwianRpIjoiOWRjZGEzMzFiZjg0NGJjYzk1NWExYjhiY2NjYTU1YmEiLCJ1c2VyX2lkIjoxfQ.a3IAyPp9hTzO1Nbs_G2dmXkEnf0A2HX_IVJwrfygcxg','2022-10-13 15:53:06.740049','2022-11-12 15:53:06.000000',1,'9dcda331bf844bcc955a1b8bccca55ba'),
(40,'eyJhbGciOiJIUzI1NiIsInR5cCI6IkpXVCJ9.eyJ0b2tlbl90eXBlIjoicmVmcmVzaCIsImV4cCI6MTY2ODI2ODQ3MCwianRpIjoiODhiYzQwMWYyOTQ1NDE3MDkzMDMxYjU4ZjY2YTE5OWQiLCJ1c2VyX2lkIjoxfQ.BqzM4Uj6WZ1o1jToGb90mRs01JgBittpfCDPc8Bcq0c','2022-10-13 15:54:30.578032','2022-11-12 15:54:30.000000',1,'88bc401f2945417093031b58f66a199d'),
(41,'eyJhbGciOiJIUzI1NiIsInR5cCI6IkpXVCJ9.eyJ0b2tlbl90eXBlIjoicmVmcmVzaCIsImV4cCI6MTY2ODI2ODYxMCwianRpIjoiMjAxNDAwZjQ5OGM2NDdmYmIwODlhNTZiNTY3NDljMTMiLCJ1c2VyX2lkIjoxfQ.fpRRE9r6xTA3UzlJZ-o_qUT_6kg4LfTczSYb6ONb-7c','2022-10-13 15:56:50.275965','2022-11-12 15:56:50.000000',1,'201400f498c647fbb089a56b56749c13'),
(42,'eyJhbGciOiJIUzI1NiIsInR5cCI6IkpXVCJ9.eyJ0b2tlbl90eXBlIjoicmVmcmVzaCIsImV4cCI6MTY2ODI2ODc3NiwianRpIjoiYjQ4MjgzNDhiMmM4NGQzOThjNTFkMDM4MWFkZjY4MWIiLCJ1c2VyX2lkIjoxfQ.8Yh2Gmi7QUL7QhdD3r9TSJlD5LF7V_ixI1NVyve9_zc','2022-10-13 15:59:36.207266','2022-11-12 15:59:36.000000',1,'b4828348b2c84d398c51d0381adf681b'),
(43,'eyJhbGciOiJIUzI1NiIsInR5cCI6IkpXVCJ9.eyJ0b2tlbl90eXBlIjoicmVmcmVzaCIsImV4cCI6MTY2ODI2ODg0OCwianRpIjoiZTM3NGViZmVlNWZkNGY0NGE1OTc5YTM4MmQxMTIwOWUiLCJ1c2VyX2lkIjoxfQ.t_fpr8XrWDVEUa1JnpbDOWw5TrPv0JDxZs1gXP2QBT8','2022-10-13 16:00:48.418199','2022-11-12 16:00:48.000000',1,'e374ebfee5fd4f44a5979a382d11209e'),
(44,'eyJhbGciOiJIUzI1NiIsInR5cCI6IkpXVCJ9.eyJ0b2tlbl90eXBlIjoicmVmcmVzaCIsImV4cCI6MTY2ODI2ODkxMiwianRpIjoiODM2OTFhNDhmNzBlNGYwODg4NmJkNThlYTE5NWE4YWEiLCJ1c2VyX2lkIjoxfQ.96gnlsQe7djOB7aAruGjaP3oP08EkfRPDBZmiPoVNcs','2022-10-13 16:01:52.307298','2022-11-12 16:01:52.000000',1,'83691a48f70e4f08886bd58ea195a8aa'),
(45,'eyJhbGciOiJIUzI1NiIsInR5cCI6IkpXVCJ9.eyJ0b2tlbl90eXBlIjoicmVmcmVzaCIsImV4cCI6MTY2ODI2OTExOSwianRpIjoiNWI0MjI0YWZkOGIwNGU2MDljYjIwMDc3OTJjOWYxMzAiLCJ1c2VyX2lkIjoxfQ.rTjZibJMI6KrVxxNii75Y0OanAGulWYM8WRkGEdfW4s','2022-10-13 16:05:19.968667','2022-11-12 16:05:19.000000',1,'5b4224afd8b04e609cb2007792c9f130'),
(46,'eyJhbGciOiJIUzI1NiIsInR5cCI6IkpXVCJ9.eyJ0b2tlbl90eXBlIjoicmVmcmVzaCIsImV4cCI6MTY2ODI2OTQ3NiwianRpIjoiMDE1ZTUzNzc4NWRiNDQ3NWJmNGQ0NzljZDkwN2Q4ZWQiLCJ1c2VyX2lkIjoxfQ.f3tywEhUOMOrxg5-eboIv-ozFmZvO-jwoKuCFNcrlfU','2022-10-13 16:11:16.371151','2022-11-12 16:11:16.000000',1,'015e537785db4475bf4d479cd907d8ed'),
(47,'eyJhbGciOiJIUzI1NiIsInR5cCI6IkpXVCJ9.eyJ0b2tlbl90eXBlIjoicmVmcmVzaCIsImV4cCI6MTY2ODI2OTU1MywianRpIjoiNjBkYWZjMTdmZDYyNDIxOTk5MjhkMzEyOWRmZjZhZDEiLCJ1c2VyX2lkIjoxfQ.ODPM9Wjx6jwSK-ilkvk_eEpW-TOgGfLJ7r8swamg0uw','2022-10-13 16:12:33.778151','2022-11-12 16:12:33.000000',1,'60dafc17fd6242199928d3129dff6ad1'),
(48,'eyJhbGciOiJIUzI1NiIsInR5cCI6IkpXVCJ9.eyJ0b2tlbl90eXBlIjoicmVmcmVzaCIsImV4cCI6MTY2ODI2OTY4NSwianRpIjoiYTI5ZDU1MzhlMDY2NGRlYmIzYjAyN2I2ZTMxMzkzZjUiLCJ1c2VyX2lkIjoxfQ.JACtrmT0KeDtrtkr9-24mg_OXKYXUvzp3Ejm2avAW9U','2022-10-13 16:14:45.678559','2022-11-12 16:14:45.000000',1,'a29d5538e0664debb3b027b6e31393f5'),
(49,'eyJhbGciOiJIUzI1NiIsInR5cCI6IkpXVCJ9.eyJ0b2tlbl90eXBlIjoicmVmcmVzaCIsImV4cCI6MTY2ODI3MDQxNywianRpIjoiMGM5MTZlNzE4ZmNjNDliMzhjYmI5N2FhNjQxNWY4OWYiLCJ1c2VyX2lkIjoxfQ.IV1ZMxaeMjFCN3_snWtgArg7fyNgGxhmxy9A7kY6Gsg','2022-10-13 16:26:57.038337','2022-11-12 16:26:57.000000',1,'0c916e718fcc49b38cbb97aa6415f89f'),
(50,'eyJhbGciOiJIUzI1NiIsInR5cCI6IkpXVCJ9.eyJ0b2tlbl90eXBlIjoicmVmcmVzaCIsImV4cCI6MTY2ODI3MDY1MywianRpIjoiMGZhYzdlODIwMWIzNGY1OTliNjc4OWYwMGQ2NTFkMTQiLCJ1c2VyX2lkIjoxfQ.9U-0SaE64ZYBdDcvIJgl0jr2Uzi7FwpTELRHZXB9vgs','2022-10-13 16:30:53.437703','2022-11-12 16:30:53.000000',1,'0fac7e8201b34f599b6789f00d651d14'),
(51,'eyJhbGciOiJIUzI1NiIsInR5cCI6IkpXVCJ9.eyJ0b2tlbl90eXBlIjoicmVmcmVzaCIsImV4cCI6MTY2ODI3MDY1MywianRpIjoiYTllOTQwMTNkMjFlNDIyMmFhYTMzMWY0MDQ2ODlmMTciLCJ1c2VyX2lkIjoxfQ.i5AWQrzSkyk7t9FkEwvndvCTzJjn4C1N74TnT7SpcgY','2022-10-13 16:30:53.769360','2022-11-12 16:30:53.000000',1,'a9e94013d21e4222aaa331f404689f17'),
(52,'eyJhbGciOiJIUzI1NiIsInR5cCI6IkpXVCJ9.eyJ0b2tlbl90eXBlIjoicmVmcmVzaCIsImV4cCI6MTY2ODI3MDY1NCwianRpIjoiNDc4ZTVkN2EzYzM5NDUyYTlmMmVmMGMwNDY0YjYwNDMiLCJ1c2VyX2lkIjoxfQ.5CHJTDm-BqhBfAvdH74Ax1ib8gb3q-iEovSWiqy8gYs','2022-10-13 16:30:54.079195','2022-11-12 16:30:54.000000',1,'478e5d7a3c39452a9f2ef0c0464b6043'),
(53,'eyJhbGciOiJIUzI1NiIsInR5cCI6IkpXVCJ9.eyJ0b2tlbl90eXBlIjoicmVmcmVzaCIsImV4cCI6MTY2ODI3MDY1NCwianRpIjoiZDY4YmI4NzI2NDcwNDg5Y2E4YjI1NzViNzA0MjEzMGEiLCJ1c2VyX2lkIjoxfQ.s9y3AagrGqlNXu49vpun150lR5dWnZ9c7DqRK0BC7Kw','2022-10-13 16:30:54.415757','2022-11-12 16:30:54.000000',1,'d68bb8726470489ca8b2575b7042130a'),
(54,'eyJhbGciOiJIUzI1NiIsInR5cCI6IkpXVCJ9.eyJ0b2tlbl90eXBlIjoicmVmcmVzaCIsImV4cCI6MTY2ODI3MDY1NCwianRpIjoiNmYzMTkyZGQxYmZhNDUyYzg0MmIwMTMwYjYwYmZkYWUiLCJ1c2VyX2lkIjoxfQ.T0ck9rMcAO5FTuKu3D6uVWkPZHG9yTmxAfsT1e_7zA0','2022-10-13 16:30:54.704430','2022-11-12 16:30:54.000000',1,'6f3192dd1bfa452c842b0130b60bfdae'),
(55,'eyJhbGciOiJIUzI1NiIsInR5cCI6IkpXVCJ9.eyJ0b2tlbl90eXBlIjoicmVmcmVzaCIsImV4cCI6MTY2ODI3MDY1NSwianRpIjoiNzg1NGYzNDM4YjgyNDJmM2I0MGE5Njg0ZThiNjNhMTEiLCJ1c2VyX2lkIjoxfQ.ousoY-mZzhmBDQ4WF1-qCQDB6TVy-K17nT-z-PG3vDc','2022-10-13 16:30:55.069130','2022-11-12 16:30:55.000000',1,'7854f3438b8242f3b40a9684e8b63a11'),
(56,'eyJhbGciOiJIUzI1NiIsInR5cCI6IkpXVCJ9.eyJ0b2tlbl90eXBlIjoicmVmcmVzaCIsImV4cCI6MTY2ODI3MDY1NSwianRpIjoiYTRkMDhmYTBiN2Q2NDMwNjlmZTNjODYzNzQzNmIyNDUiLCJ1c2VyX2lkIjoxfQ.Y0ZINmZb__ewHTvn0nz4szT5krCZkOdft_ReVVPBVI8','2022-10-13 16:30:55.400592','2022-11-12 16:30:55.000000',1,'a4d08fa0b7d643069fe3c8637436b245'),
(57,'eyJhbGciOiJIUzI1NiIsInR5cCI6IkpXVCJ9.eyJ0b2tlbl90eXBlIjoicmVmcmVzaCIsImV4cCI6MTY2ODI3MDY1NSwianRpIjoiNGQ4NjdhMWNjZTdjNGNlZDg4YzMzODAwYWU5YjRmYTciLCJ1c2VyX2lkIjoxfQ.adhYwq_th_3W4LTgeQFGkVtWtPsgd9_iuq8a2PzIQsY','2022-10-13 16:30:55.791580','2022-11-12 16:30:55.000000',1,'4d867a1cce7c4ced88c33800ae9b4fa7'),
(58,'eyJhbGciOiJIUzI1NiIsInR5cCI6IkpXVCJ9.eyJ0b2tlbl90eXBlIjoicmVmcmVzaCIsImV4cCI6MTY2ODI3MDY1NiwianRpIjoiYTQ2OWQxYzM3MDM4NDk2YWE2YTQzZWVhNzRjY2Q0NWIiLCJ1c2VyX2lkIjoxfQ.Yv10gGb5c1eRrNQxzj6mEyK6vsQ_-tElvtTCICxy9N4','2022-10-13 16:30:56.132745','2022-11-12 16:30:56.000000',1,'a469d1c37038496aa6a43eea74ccd45b'),
(59,'eyJhbGciOiJIUzI1NiIsInR5cCI6IkpXVCJ9.eyJ0b2tlbl90eXBlIjoicmVmcmVzaCIsImV4cCI6MTY2ODI3MDY1NiwianRpIjoiZjc3YzcyOGFmNTIyNGI0MDkxMjg1ZDA3YWY4Njc1ZDQiLCJ1c2VyX2lkIjoxfQ.RHpmRVZoui-6Uc-yMZuVlHhvB437AHs_kek3Y0VPqds','2022-10-13 16:30:56.605821','2022-11-12 16:30:56.000000',1,'f77c728af5224b4091285d07af8675d4'),
(60,'eyJhbGciOiJIUzI1NiIsInR5cCI6IkpXVCJ9.eyJ0b2tlbl90eXBlIjoicmVmcmVzaCIsImV4cCI6MTY2ODI3MDY1NywianRpIjoiZTBiZGM2M2JlYjBmNDQ5ZWEyMjJjZDQ5Nzk3M2JiMjciLCJ1c2VyX2lkIjoxfQ.E7RHCUafAuhl8KSUfRRvBHpytccQy_fUmLztyFM2t18','2022-10-13 16:30:57.005535','2022-11-12 16:30:57.000000',1,'e0bdc63beb0f449ea222cd497973bb27'),
(61,'eyJhbGciOiJIUzI1NiIsInR5cCI6IkpXVCJ9.eyJ0b2tlbl90eXBlIjoicmVmcmVzaCIsImV4cCI6MTY2ODI3MDY1NywianRpIjoiNDg5ZjJhMzZmMTcwNDUyMWEwODA4YWRkZDJhNGRjMTMiLCJ1c2VyX2lkIjoxfQ.PQgEmyk9i91z754NMzTChwxb5x_EELseBhWDpd_JGuA','2022-10-13 16:30:57.358330','2022-11-12 16:30:57.000000',1,'489f2a36f1704521a0808addd2a4dc13'),
(62,'eyJhbGciOiJIUzI1NiIsInR5cCI6IkpXVCJ9.eyJ0b2tlbl90eXBlIjoicmVmcmVzaCIsImV4cCI6MTY2ODI3MDY1NywianRpIjoiM2YwMTMxZTczMDdhNDczYTgyMTFlNjViNzUxN2E3YzgiLCJ1c2VyX2lkIjoxfQ.eFTQaFAP4o6b4yH-cZ994Ec11Y11slE9rq4eYlPkVM4','2022-10-13 16:30:57.686750','2022-11-12 16:30:57.000000',1,'3f0131e7307a473a8211e65b7517a7c8'),
(63,'eyJhbGciOiJIUzI1NiIsInR5cCI6IkpXVCJ9.eyJ0b2tlbl90eXBlIjoicmVmcmVzaCIsImV4cCI6MTY2ODI3MDY1OCwianRpIjoiZTM0OTcxMGQyMDc0NDhmZjgwYjBjN2UzODljOGM1OTEiLCJ1c2VyX2lkIjoxfQ.Or2lBIWIwtirvknA_bIMSDnm1AEXBsJmNmNaarPinY4','2022-10-13 16:30:58.025757','2022-11-12 16:30:58.000000',1,'e349710d207448ff80b0c7e389c8c591'),
(64,'eyJhbGciOiJIUzI1NiIsInR5cCI6IkpXVCJ9.eyJ0b2tlbl90eXBlIjoicmVmcmVzaCIsImV4cCI6MTY2ODI3MDY1OCwianRpIjoiMTVjYTc0ZTQxYTU0NDFjOThlYjAzMDdmZGNmOTI4NjQiLCJ1c2VyX2lkIjoxfQ.GzV4wjhDZCRgLXXhuSUxpwtoDeMVu4xZ10NnOD-FTbU','2022-10-13 16:30:58.345579','2022-11-12 16:30:58.000000',1,'15ca74e41a5441c98eb0307fdcf92864'),
(65,'eyJhbGciOiJIUzI1NiIsInR5cCI6IkpXVCJ9.eyJ0b2tlbl90eXBlIjoicmVmcmVzaCIsImV4cCI6MTY2ODI3MDY1OCwianRpIjoiZWJkOTY5NThjOWZhNDE3NDlmODJkYjczMDhlOTBhN2YiLCJ1c2VyX2lkIjoxfQ.ivlUWSxuzfvSMK36SEgG6Av91t51iVih26LbgneEuG4','2022-10-13 16:30:58.682999','2022-11-12 16:30:58.000000',1,'ebd96958c9fa41749f82db7308e90a7f'),
(66,'eyJhbGciOiJIUzI1NiIsInR5cCI6IkpXVCJ9.eyJ0b2tlbl90eXBlIjoicmVmcmVzaCIsImV4cCI6MTY2ODI3MDY1OSwianRpIjoiZTE2MGExZjA1YjA1NDY2ZjkzMThlZGEyNGJhNDc1MzIiLCJ1c2VyX2lkIjoxfQ.j6VDu4CVdXI7QmryjGtVOOJm6hYCaY_Z0DMu1c8ktOs','2022-10-13 16:30:59.164293','2022-11-12 16:30:59.000000',1,'e160a1f05b05466f9318eda24ba47532'),
(67,'eyJhbGciOiJIUzI1NiIsInR5cCI6IkpXVCJ9.eyJ0b2tlbl90eXBlIjoicmVmcmVzaCIsImV4cCI6MTY2ODI3MDY1OSwianRpIjoiNDcwZmRkZTY4NzZjNDE2ZDg4MDVhNmVkYmUzY2VlNTQiLCJ1c2VyX2lkIjoxfQ.ZdxHXGBfd4-Gh5QsvnUe5BDWQo4zfJej0_2ZMjkgHEw','2022-10-13 16:30:59.502066','2022-11-12 16:30:59.000000',1,'470fdde6876c416d8805a6edbe3cee54'),
(68,'eyJhbGciOiJIUzI1NiIsInR5cCI6IkpXVCJ9.eyJ0b2tlbl90eXBlIjoicmVmcmVzaCIsImV4cCI6MTY2ODI3MDY1OSwianRpIjoiNjgzMzk4ZTY2NDFmNGMxZGJhNWFlNGUwYTk1MWJiNmIiLCJ1c2VyX2lkIjoxfQ.XZjjF9-R9frv-aa8pC9crQnkGgQGYXupGTwdjqNxz5M','2022-10-13 16:30:59.857602','2022-11-12 16:30:59.000000',1,'683398e6641f4c1dba5ae4e0a951bb6b'),
(69,'eyJhbGciOiJIUzI1NiIsInR5cCI6IkpXVCJ9.eyJ0b2tlbl90eXBlIjoicmVmcmVzaCIsImV4cCI6MTY2ODI3MDY2MCwianRpIjoiNzZlYzU5OTMwMjVkNDdlNjgzN2IwNDE2ZjA4YjUzNzIiLCJ1c2VyX2lkIjoxfQ.LH2OZocVbXpSEw4IiTjNenAn0tFv8kb7tma8d0AGTfs','2022-10-13 16:31:00.170747','2022-11-12 16:31:00.000000',1,'76ec5993025d47e6837b0416f08b5372'),
(70,'eyJhbGciOiJIUzI1NiIsInR5cCI6IkpXVCJ9.eyJ0b2tlbl90eXBlIjoicmVmcmVzaCIsImV4cCI6MTY2ODI3MDY2MCwianRpIjoiZTdmNjAyNjIxYjBmNDVlNGFkYmYxZDEzNTk2M2NhMGIiLCJ1c2VyX2lkIjoxfQ.OCd7pXFGcNWwIZn_HZhY5zfevJQFUnrkLqRt1QECjZc','2022-10-13 16:31:00.496021','2022-11-12 16:31:00.000000',1,'e7f602621b0f45e4adbf1d135963ca0b'),
(71,'eyJhbGciOiJIUzI1NiIsInR5cCI6IkpXVCJ9.eyJ0b2tlbl90eXBlIjoicmVmcmVzaCIsImV4cCI6MTY2ODI3MDY2MCwianRpIjoiNjY2NWYzNjQ4M2UwNGU0ZjgwYzBkNGU2OWMxN2FlNjkiLCJ1c2VyX2lkIjoxfQ.zINiZp52mF2caHqH5_Ygcev7E216iF6bomeM7flkaQY','2022-10-13 16:31:00.821006','2022-11-12 16:31:00.000000',1,'6665f36483e04e4f80c0d4e69c17ae69'),
(72,'eyJhbGciOiJIUzI1NiIsInR5cCI6IkpXVCJ9.eyJ0b2tlbl90eXBlIjoicmVmcmVzaCIsImV4cCI6MTY2ODI3MDY2MSwianRpIjoiMGRmNmZhODdjMDA1NGE5ZjhlOGI5MjVmZjU5OWFiNTUiLCJ1c2VyX2lkIjoxfQ.X92syxbXKHxHgiQCsKoBi0hvNRKDfRULLHwiIBryAV0','2022-10-13 16:31:01.117009','2022-11-12 16:31:01.000000',1,'0df6fa87c0054a9f8e8b925ff599ab55'),
(73,'eyJhbGciOiJIUzI1NiIsInR5cCI6IkpXVCJ9.eyJ0b2tlbl90eXBlIjoicmVmcmVzaCIsImV4cCI6MTY2ODI3MDY2MSwianRpIjoiY2Y4MmU1OTZiN2NiNGRlZWE5OTZiMjBhNTkyNzBhYzQiLCJ1c2VyX2lkIjoxfQ.Vf7R3oAnjVvo5L_IcDmzpjowgekgTNf-sG2GfR4Jzto','2022-10-13 16:31:01.465531','2022-11-12 16:31:01.000000',1,'cf82e596b7cb4deea996b20a59270ac4'),
(74,'eyJhbGciOiJIUzI1NiIsInR5cCI6IkpXVCJ9.eyJ0b2tlbl90eXBlIjoicmVmcmVzaCIsImV4cCI6MTY2ODI3MDY2MSwianRpIjoiY2JiN2Y2MTJkOGEyNGUzNjg3NzNhOGI2ZDI3NDJiZTgiLCJ1c2VyX2lkIjoxfQ.SKdnNLQKqfKt6st2qvsqKMiMkv4Nb2blF3_bL9BotvM','2022-10-13 16:31:01.774590','2022-11-12 16:31:01.000000',1,'cbb7f612d8a24e368773a8b6d2742be8'),
(75,'eyJhbGciOiJIUzI1NiIsInR5cCI6IkpXVCJ9.eyJ0b2tlbl90eXBlIjoicmVmcmVzaCIsImV4cCI6MTY2ODI3MDY2MiwianRpIjoiNjljMzgzMGY4ODRlNDVmMGIyNDkwZGYwOTZjYjViNGUiLCJ1c2VyX2lkIjoxfQ.QvNe54_RYA9woXXp8IUS94H_tfX7NMTPLZcJ0Jh6P9s','2022-10-13 16:31:02.084741','2022-11-12 16:31:02.000000',1,'69c3830f884e45f0b2490df096cb5b4e'),
(76,'eyJhbGciOiJIUzI1NiIsInR5cCI6IkpXVCJ9.eyJ0b2tlbl90eXBlIjoicmVmcmVzaCIsImV4cCI6MTY2ODI3MDY2MiwianRpIjoiZWUxM2FhMjU4MDRiNDljYWI3YTI2ZWJlODBjNGQyOGIiLCJ1c2VyX2lkIjoxfQ.DtzvBCFkkWE1nju4D8cUfy6vTc8zfKy77GoKxowzyjY','2022-10-13 16:31:02.423982','2022-11-12 16:31:02.000000',1,'ee13aa25804b49cab7a26ebe80c4d28b'),
(77,'eyJhbGciOiJIUzI1NiIsInR5cCI6IkpXVCJ9.eyJ0b2tlbl90eXBlIjoicmVmcmVzaCIsImV4cCI6MTY2ODI3MDY2MiwianRpIjoiNDk5MzRiNjJiMDM4NDE2NWFjMTE0NzMzYTY4NjViNDciLCJ1c2VyX2lkIjoxfQ.F50FiEdA6z-uuxP0jnKd8i11Rz6m5Yj5uL2SOqTQASE','2022-10-13 16:31:02.797532','2022-11-12 16:31:02.000000',1,'49934b62b0384165ac114733a6865b47'),
(78,'eyJhbGciOiJIUzI1NiIsInR5cCI6IkpXVCJ9.eyJ0b2tlbl90eXBlIjoicmVmcmVzaCIsImV4cCI6MTY2ODI3MDY2MywianRpIjoiMWViYzI0ZDlmNjA5NDgxZGE1ODk2YTlmYTczOTdiYjkiLCJ1c2VyX2lkIjoxfQ.2vHFadXG-XK4rr6PVpZ7Emz7oPxuE8nrfNa5tA_c2HY','2022-10-13 16:31:03.149129','2022-11-12 16:31:03.000000',1,'1ebc24d9f609481da5896a9fa7397bb9'),
(79,'eyJhbGciOiJIUzI1NiIsInR5cCI6IkpXVCJ9.eyJ0b2tlbl90eXBlIjoicmVmcmVzaCIsImV4cCI6MTY2ODI3MDY2MywianRpIjoiMzI0OGM5MjE3NWFmNGFmZDlkMTMzYzMxZDYzY2FmYmQiLCJ1c2VyX2lkIjoxfQ._0IkE0Qw8MCMOw8a69bEGGdS-4gTRon-ZzHcjeOqIx8','2022-10-13 16:31:03.733013','2022-11-12 16:31:03.000000',1,'3248c92175af4afd9d133c31d63cafbd'),
(80,'eyJhbGciOiJIUzI1NiIsInR5cCI6IkpXVCJ9.eyJ0b2tlbl90eXBlIjoicmVmcmVzaCIsImV4cCI6MTY2ODI3MDY2NCwianRpIjoiNDg3NTJhODMxYjBjNDc1OThiM2M3MTVkZTNkYTYwZGEiLCJ1c2VyX2lkIjoxfQ.I3RA16Fc3MF4KhYiYPeQFDmV8IUV5anCaRv34068JHE','2022-10-13 16:31:04.108036','2022-11-12 16:31:04.000000',1,'48752a831b0c47598b3c715de3da60da'),
(81,'eyJhbGciOiJIUzI1NiIsInR5cCI6IkpXVCJ9.eyJ0b2tlbl90eXBlIjoicmVmcmVzaCIsImV4cCI6MTY2ODI3MDY2NCwianRpIjoiMmFjY2RlNGYzNjhkNGNlZmE4NDBjZTFjMzM4OTAyN2EiLCJ1c2VyX2lkIjoxfQ.BKqGscC3fUAYKOKBg0dVA-M-4yE3IHYHYVwgF7vKzWw','2022-10-13 16:31:04.530507','2022-11-12 16:31:04.000000',1,'2accde4f368d4cefa840ce1c3389027a'),
(82,'eyJhbGciOiJIUzI1NiIsInR5cCI6IkpXVCJ9.eyJ0b2tlbl90eXBlIjoicmVmcmVzaCIsImV4cCI6MTY2ODI3MDY2NCwianRpIjoiZWEzMTEzNDA3N2ViNGE0ZWE1NDc2MjJmMWI1MjFmMjMiLCJ1c2VyX2lkIjoxfQ.kfV8cn1uBM1Wy9bXTjRXErKer8yKIi-KGj3-WYPcnHw','2022-10-13 16:31:04.868875','2022-11-12 16:31:04.000000',1,'ea31134077eb4a4ea547622f1b521f23'),
(83,'eyJhbGciOiJIUzI1NiIsInR5cCI6IkpXVCJ9.eyJ0b2tlbl90eXBlIjoicmVmcmVzaCIsImV4cCI6MTY2ODI3MDY2NSwianRpIjoiZDhmNjQ1ZmNmNjBmNDU0N2E0MDZkYzdmY2Q2Y2Q1YjMiLCJ1c2VyX2lkIjoxfQ.WmDvI26U4eQIRvTj3Mb3gGlhsKQbAycRh0-bnK0tCmk','2022-10-13 16:31:05.189769','2022-11-12 16:31:05.000000',1,'d8f645fcf60f4547a406dc7fcd6cd5b3'),
(84,'eyJhbGciOiJIUzI1NiIsInR5cCI6IkpXVCJ9.eyJ0b2tlbl90eXBlIjoicmVmcmVzaCIsImV4cCI6MTY2ODI3MDY2NSwianRpIjoiNmZjNmFjZDFlNTk0NGZmOGIxNDUyNmYxMGM5N2QxMWQiLCJ1c2VyX2lkIjoxfQ.CmAuk9oIQqWqqk6fC0XHvBDGQhDeQaMW2eOU1uMBR2Q','2022-10-13 16:31:05.609329','2022-11-12 16:31:05.000000',1,'6fc6acd1e5944ff8b14526f10c97d11d'),
(85,'eyJhbGciOiJIUzI1NiIsInR5cCI6IkpXVCJ9.eyJ0b2tlbl90eXBlIjoicmVmcmVzaCIsImV4cCI6MTY2ODI3MDY2NiwianRpIjoiZmZlOWMyYTIwYWJjNGFkZmEzMTFlMzQyMWJmZTEzZTIiLCJ1c2VyX2lkIjoxfQ.ow8p2op-EnD_EbSpSGLGGZSOZDByZmRYqqHRLFWnxxY','2022-10-13 16:31:06.304066','2022-11-12 16:31:06.000000',1,'ffe9c2a20abc4adfa311e3421bfe13e2'),
(86,'eyJhbGciOiJIUzI1NiIsInR5cCI6IkpXVCJ9.eyJ0b2tlbl90eXBlIjoicmVmcmVzaCIsImV4cCI6MTY2ODI3MDY2NiwianRpIjoiOWQwNTQyMmM1ZDE3NGFiZDg3NmJlYjljZTJmZDFkM2MiLCJ1c2VyX2lkIjoxfQ.rf9O8mC4b5aWGYoHcJiiizpMEI5DfGl7JC7uEREcF14','2022-10-13 16:31:06.687477','2022-11-12 16:31:06.000000',1,'9d05422c5d174abd876beb9ce2fd1d3c'),
(87,'eyJhbGciOiJIUzI1NiIsInR5cCI6IkpXVCJ9.eyJ0b2tlbl90eXBlIjoicmVmcmVzaCIsImV4cCI6MTY2ODI3MDY2NywianRpIjoiYTQ5MDgxOWU1MThiNDcwNjllMDgyZTAwNTE4ODJlNzAiLCJ1c2VyX2lkIjoxfQ.Q0Gt0i-yx-3xleQ98FqwGDVI8HVqsWxlZCMym6KlY5g','2022-10-13 16:31:07.100885','2022-11-12 16:31:07.000000',1,'a490819e518b47069e082e0051882e70'),
(88,'eyJhbGciOiJIUzI1NiIsInR5cCI6IkpXVCJ9.eyJ0b2tlbl90eXBlIjoicmVmcmVzaCIsImV4cCI6MTY2ODI3MDY2NywianRpIjoiMGIwNDgwM2FjMjM5NDE5Yzk3MWM4MmNiOTdjZjU0NmYiLCJ1c2VyX2lkIjoxfQ.avELhiHb3qaYFNefCnVn2m4s2EXcNQdz7-yS6Tp8tDE','2022-10-13 16:31:07.521989','2022-11-12 16:31:07.000000',1,'0b04803ac239419c971c82cb97cf546f'),
(89,'eyJhbGciOiJIUzI1NiIsInR5cCI6IkpXVCJ9.eyJ0b2tlbl90eXBlIjoicmVmcmVzaCIsImV4cCI6MTY2ODI3MDY2NywianRpIjoiNjI2YzdjY2E5MTUyNDM3YzhhODZlNTBlZGM4NTY0NGIiLCJ1c2VyX2lkIjoxfQ.Tg46Wau-6Bse-oMwq9EKxG4uHoxkWFf4VrxSo-iQzxg','2022-10-13 16:31:07.946242','2022-11-12 16:31:07.000000',1,'626c7cca9152437c8a86e50edc85644b'),
(90,'eyJhbGciOiJIUzI1NiIsInR5cCI6IkpXVCJ9.eyJ0b2tlbl90eXBlIjoicmVmcmVzaCIsImV4cCI6MTY2ODI3MDY2OCwianRpIjoiOTU0ODAwY2VhOTJmNGE3Y2E3ZTljNmYwMzk3MTY3NDkiLCJ1c2VyX2lkIjoxfQ._GbIWjdohengUrDfLEc1Oi8utBSgYx64s3EZ3VoklaA','2022-10-13 16:31:08.267178','2022-11-12 16:31:08.000000',1,'954800cea92f4a7ca7e9c6f039716749'),
(91,'eyJhbGciOiJIUzI1NiIsInR5cCI6IkpXVCJ9.eyJ0b2tlbl90eXBlIjoicmVmcmVzaCIsImV4cCI6MTY2ODI3MDY2OCwianRpIjoiYzEwNmE2MDdhZGViNDI1NTg5NDg5YTA5M2QzNDZkYWEiLCJ1c2VyX2lkIjoxfQ.s3jKgVJrV8M7eVrnFg5JbX6ZDUasFbtdjLuakuP7ybk','2022-10-13 16:31:08.650484','2022-11-12 16:31:08.000000',1,'c106a607adeb425589489a093d346daa'),
(92,'eyJhbGciOiJIUzI1NiIsInR5cCI6IkpXVCJ9.eyJ0b2tlbl90eXBlIjoicmVmcmVzaCIsImV4cCI6MTY2ODI3MDY2OSwianRpIjoiYmM0YTM3ODZkNDAwNDUyNGJjZThiMzk0NGMwOWM5YjQiLCJ1c2VyX2lkIjoxfQ.V0wpSwnFGgEnULP4zNahIs_YgUVEwzoHlAmY-eXfoMs','2022-10-13 16:31:09.034705','2022-11-12 16:31:09.000000',1,'bc4a3786d4004524bce8b3944c09c9b4'),
(93,'eyJhbGciOiJIUzI1NiIsInR5cCI6IkpXVCJ9.eyJ0b2tlbl90eXBlIjoicmVmcmVzaCIsImV4cCI6MTY2ODI3MDY2OSwianRpIjoiZWZhODUwOGIxOTZmNDhhMmFjZjcyZjJiN2E0MzdkMTYiLCJ1c2VyX2lkIjoxfQ.hOeOyCYlP9w7OB8enz_NbpQaWY7TCEnaYW4ZUmMwZ-0','2022-10-13 16:31:09.467241','2022-11-12 16:31:09.000000',1,'efa8508b196f48a2acf72f2b7a437d16'),
(94,'eyJhbGciOiJIUzI1NiIsInR5cCI6IkpXVCJ9.eyJ0b2tlbl90eXBlIjoicmVmcmVzaCIsImV4cCI6MTY2ODI3MDY2OSwianRpIjoiN2RlNmY1OTUxNDI0NGIzNjkyYTU4ODY1MThkZjk3YzMiLCJ1c2VyX2lkIjoxfQ.NG5bdorryKZugyNExW_aVTOiXtQz8Os8CgI4ptp1JhQ','2022-10-13 16:31:09.836495','2022-11-12 16:31:09.000000',1,'7de6f59514244b3692a5886518df97c3'),
(95,'eyJhbGciOiJIUzI1NiIsInR5cCI6IkpXVCJ9.eyJ0b2tlbl90eXBlIjoicmVmcmVzaCIsImV4cCI6MTY2ODI3MDY3MCwianRpIjoiMTRlMWIwYjRhMTQzNDQ3NzkwOGM0MWViNThjNDhhOGUiLCJ1c2VyX2lkIjoxfQ.T-Akz6UoeuzFOhQlJ1gThTPb29Ql2UKvMefNex-0ozI','2022-10-13 16:31:10.240290','2022-11-12 16:31:10.000000',1,'14e1b0b4a1434477908c41eb58c48a8e'),
(96,'eyJhbGciOiJIUzI1NiIsInR5cCI6IkpXVCJ9.eyJ0b2tlbl90eXBlIjoicmVmcmVzaCIsImV4cCI6MTY2ODI3MDY3MCwianRpIjoiN2U2YWIwMzgxNmYyNGM2NmExMGM0MWVhM2IyZmMxNDQiLCJ1c2VyX2lkIjoxfQ.0f-57EHZdXIRPE7rHWzli9nfjwWUhSgFJaVo9k0rNwM','2022-10-13 16:31:10.589284','2022-11-12 16:31:10.000000',1,'7e6ab03816f24c66a10c41ea3b2fc144'),
(97,'eyJhbGciOiJIUzI1NiIsInR5cCI6IkpXVCJ9.eyJ0b2tlbl90eXBlIjoicmVmcmVzaCIsImV4cCI6MTY2ODI3MDY3MCwianRpIjoiNmUxMzI0NDllMGRjNGYxNjllZGU3MjlmZDk5Yjg0M2QiLCJ1c2VyX2lkIjoxfQ.-Hs44qeBupD2yrTfIaAhECEjfdChSPPkOrimcTZDivo','2022-10-13 16:31:10.990222','2022-11-12 16:31:10.000000',1,'6e132449e0dc4f169ede729fd99b843d'),
(98,'eyJhbGciOiJIUzI1NiIsInR5cCI6IkpXVCJ9.eyJ0b2tlbl90eXBlIjoicmVmcmVzaCIsImV4cCI6MTY2ODI3MDY3MSwianRpIjoiM2U2ODBkYzdkYTdlNDBiZWI4NTAyMDEzNWQwMmE1ODciLCJ1c2VyX2lkIjoxfQ.HaLN9MuXAW8Y37gSrSHphjjCH1dJX4cANZ4L8C2Tnw8','2022-10-13 16:31:11.900758','2022-11-12 16:31:11.000000',1,'3e680dc7da7e40beb85020135d02a587'),
(99,'eyJhbGciOiJIUzI1NiIsInR5cCI6IkpXVCJ9.eyJ0b2tlbl90eXBlIjoicmVmcmVzaCIsImV4cCI6MTY2ODI3MDc3OCwianRpIjoiZTVjMmFlOGMwZTllNGRhMThhYzRmOGMyMTM2OTFiNTUiLCJ1c2VyX2lkIjoxfQ.1sF-jaKU-RbbqnmXdLSKv8q86ibYe_rkwD-Gp_K2660','2022-10-13 16:32:58.047432','2022-11-12 16:32:58.000000',1,'e5c2ae8c0e9e4da18ac4f8c213691b55'),
(100,'eyJhbGciOiJIUzI1NiIsInR5cCI6IkpXVCJ9.eyJ0b2tlbl90eXBlIjoicmVmcmVzaCIsImV4cCI6MTY2ODI3MDc3OCwianRpIjoiYmU0MDRiYzhhZDYxNDU0YWE0OGE2NjU0MTNkOTFhNmMiLCJ1c2VyX2lkIjoxfQ.gqLv5Jhf8XPXmmdzMs4XW5_P9nWAhC6TsWWZSPmkV0k','2022-10-13 16:32:58.509027','2022-11-12 16:32:58.000000',1,'be404bc8ad61454aa48a665413d91a6c'),
(101,'eyJhbGciOiJIUzI1NiIsInR5cCI6IkpXVCJ9.eyJ0b2tlbl90eXBlIjoicmVmcmVzaCIsImV4cCI6MTY2ODI3MDc3OCwianRpIjoiYmExNDYyY2FkZGI0NDE5ZTk5ZjlkNjA1OWEwNWYyNmQiLCJ1c2VyX2lkIjoxfQ.3sM6shtWe6AHl-tzUuCzyhsauolG_FOb7-DSL-WLA1A','2022-10-13 16:32:58.826054','2022-11-12 16:32:58.000000',1,'ba1462caddb4419e99f9d6059a05f26d'),
(102,'eyJhbGciOiJIUzI1NiIsInR5cCI6IkpXVCJ9.eyJ0b2tlbl90eXBlIjoicmVmcmVzaCIsImV4cCI6MTY2ODI3MDc3OSwianRpIjoiODQzNjcxNjEwNjUyNGNmMWFhZmFhNTFmZThkNjRhZjAiLCJ1c2VyX2lkIjoxfQ.bYPD76Zv3gsegIjM41tzTIixGlJqq3U5WiVXvLCOvP0','2022-10-13 16:32:59.124924','2022-11-12 16:32:59.000000',1,'8436716106524cf1aafaa51fe8d64af0'),
(103,'eyJhbGciOiJIUzI1NiIsInR5cCI6IkpXVCJ9.eyJ0b2tlbl90eXBlIjoicmVmcmVzaCIsImV4cCI6MTY2ODI3MDc3OSwianRpIjoiYTBhMmNjYjRkMDdlNGM1ZWI5ZjBiZDQ2ZTcwYzlhNmUiLCJ1c2VyX2lkIjoxfQ.-OmvZzddxZ2F7reBrMIQ_tTMXpmBnW8FWbICeMXbsEo','2022-10-13 16:32:59.504068','2022-11-12 16:32:59.000000',1,'a0a2ccb4d07e4c5eb9f0bd46e70c9a6e'),
(104,'eyJhbGciOiJIUzI1NiIsInR5cCI6IkpXVCJ9.eyJ0b2tlbl90eXBlIjoicmVmcmVzaCIsImV4cCI6MTY2ODI3MDc3OSwianRpIjoiYzRkYjQwNzI2Yzk5NGIwM2I2NmUzMDQzZjA1MzM1MTMiLCJ1c2VyX2lkIjoxfQ.5KZV_4q9Z1XPAopveT4j6Rc7JS3vxCsU_cV7QMBO_s8','2022-10-13 16:32:59.894360','2022-11-12 16:32:59.000000',1,'c4db40726c994b03b66e3043f0533513'),
(105,'eyJhbGciOiJIUzI1NiIsInR5cCI6IkpXVCJ9.eyJ0b2tlbl90eXBlIjoicmVmcmVzaCIsImV4cCI6MTY2ODI3MDc4MCwianRpIjoiMWUxYWM1Yzg0ODU2NDI1Mjk0MTU5OWRkMGM5ZGYyM2IiLCJ1c2VyX2lkIjoxfQ.cCEHg1PdyID6R1hkffOdES9iSJjuQeIKXk6PsVfP1qY','2022-10-13 16:33:00.268578','2022-11-12 16:33:00.000000',1,'1e1ac5c848564252941599dd0c9df23b'),
(106,'eyJhbGciOiJIUzI1NiIsInR5cCI6IkpXVCJ9.eyJ0b2tlbl90eXBlIjoicmVmcmVzaCIsImV4cCI6MTY2ODI3MDc4MCwianRpIjoiOGIyZGY1NzYzYWI0NDI2MThhN2E1MGRjMzMzYzMzMTgiLCJ1c2VyX2lkIjoxfQ.bJf12VmLHjZ44iqIdjPW-6aHANOGci4Gv8U0FqGD1yc','2022-10-13 16:33:00.716616','2022-11-12 16:33:00.000000',1,'8b2df5763ab442618a7a50dc333c3318'),
(107,'eyJhbGciOiJIUzI1NiIsInR5cCI6IkpXVCJ9.eyJ0b2tlbl90eXBlIjoicmVmcmVzaCIsImV4cCI6MTY2ODI3MDc4MSwianRpIjoiMTFlMjRhYmY2ZjU2NGU0N2JmYjM2ODJiYWY0MjllZDAiLCJ1c2VyX2lkIjoxfQ.MMn31mNlHheegnDA1bRIGb-vnTe1AyISfJ4dpejcYlE','2022-10-13 16:33:01.060207','2022-11-12 16:33:01.000000',1,'11e24abf6f564e47bfb3682baf429ed0'),
(108,'eyJhbGciOiJIUzI1NiIsInR5cCI6IkpXVCJ9.eyJ0b2tlbl90eXBlIjoicmVmcmVzaCIsImV4cCI6MTY2ODI3MDc4MSwianRpIjoiZjJiOGZlNTBhMzIzNDQ1N2FmZGRmOTc0MzUyMmNjNmMiLCJ1c2VyX2lkIjoxfQ.5uel5wp0Q2y3UJR4xfMV3Zei18uZV8W2WDkgH1on4Dw','2022-10-13 16:33:01.399091','2022-11-12 16:33:01.000000',1,'f2b8fe50a3234457afddf9743522cc6c'),
(109,'eyJhbGciOiJIUzI1NiIsInR5cCI6IkpXVCJ9.eyJ0b2tlbl90eXBlIjoicmVmcmVzaCIsImV4cCI6MTY2ODI3MDc4MSwianRpIjoiZDUzNjg4OTYwNjY1NDNhMDgwODUxMjhjOGUwZDc5NmYiLCJ1c2VyX2lkIjoxfQ.p51CV21vbmY-VAtCOxIzMR9IprcaZ91TY2bEuZzySi4','2022-10-13 16:33:01.737995','2022-11-12 16:33:01.000000',1,'d5368896066543a08085128c8e0d796f'),
(110,'eyJhbGciOiJIUzI1NiIsInR5cCI6IkpXVCJ9.eyJ0b2tlbl90eXBlIjoicmVmcmVzaCIsImV4cCI6MTY2ODI3MDc4MiwianRpIjoiNGE2YjkzOTkyYjIxNDA2MWI2YWM0NGQ4MTgzYTFkMmEiLCJ1c2VyX2lkIjoxfQ.ogwy7up4VIenZjGbC5sc-LtjEB-O8JekF2nY74VftOA','2022-10-13 16:33:02.063904','2022-11-12 16:33:02.000000',1,'4a6b93992b214061b6ac44d8183a1d2a'),
(111,'eyJhbGciOiJIUzI1NiIsInR5cCI6IkpXVCJ9.eyJ0b2tlbl90eXBlIjoicmVmcmVzaCIsImV4cCI6MTY2ODI3MDc4MiwianRpIjoiNDQ1NWVjZTU3YjM3NDhiM2FjZWY4NDFiZjA3ODljZDciLCJ1c2VyX2lkIjoxfQ.eNaiJKJi1eOGT-zbznX1mJOe8iViYL790sNgVUxlsIY','2022-10-13 16:33:02.396518','2022-11-12 16:33:02.000000',1,'4455ece57b3748b3acef841bf0789cd7'),
(112,'eyJhbGciOiJIUzI1NiIsInR5cCI6IkpXVCJ9.eyJ0b2tlbl90eXBlIjoicmVmcmVzaCIsImV4cCI6MTY2ODI3MDc4MiwianRpIjoiZjk5NDhhM2FlNGNlNGZjN2EyNGIwZGY5ZDMwYzhmY2YiLCJ1c2VyX2lkIjoxfQ.0M1YYtWiNOA6wRHtTzMZFCKyCXy4rEG_gW-od1FTj14','2022-10-13 16:33:02.748028','2022-11-12 16:33:02.000000',1,'f9948a3ae4ce4fc7a24b0df9d30c8fcf'),
(113,'eyJhbGciOiJIUzI1NiIsInR5cCI6IkpXVCJ9.eyJ0b2tlbl90eXBlIjoicmVmcmVzaCIsImV4cCI6MTY2ODI3MDc4MywianRpIjoiZmM5NzEzYjcyZTkxNGUxOGEwMjU1ZjNkMjkzZmY5ODIiLCJ1c2VyX2lkIjoxfQ.SqWTOzw2ebYQ-3T4vF2z2GLeg-nuPhFTuDani0b5P9M','2022-10-13 16:33:03.081218','2022-11-12 16:33:03.000000',1,'fc9713b72e914e18a0255f3d293ff982'),
(114,'eyJhbGciOiJIUzI1NiIsInR5cCI6IkpXVCJ9.eyJ0b2tlbl90eXBlIjoicmVmcmVzaCIsImV4cCI6MTY2ODI3MDc4MywianRpIjoiYmYxMmZiZDNhZGY5NDJkZTg1ZWYwMzRjNjYxNjA4ZGEiLCJ1c2VyX2lkIjoxfQ.VKo6vQ6fJg3EvLJfdZTzdNEd1kPHIEA5cKAN6rKifLI','2022-10-13 16:33:03.419660','2022-11-12 16:33:03.000000',1,'bf12fbd3adf942de85ef034c661608da'),
(115,'eyJhbGciOiJIUzI1NiIsInR5cCI6IkpXVCJ9.eyJ0b2tlbl90eXBlIjoicmVmcmVzaCIsImV4cCI6MTY2ODI3MDc4MywianRpIjoiYWFiMjA1OWFiN2I0NDhjOWJlNzhjM2UzOWNhNDE0NzMiLCJ1c2VyX2lkIjoxfQ.SvKQszWiJgr_17bONJgyyRaoRdAOqKHk17zpoqUBEsg','2022-10-13 16:33:03.755241','2022-11-12 16:33:03.000000',1,'aab2059ab7b448c9be78c3e39ca41473'),
(116,'eyJhbGciOiJIUzI1NiIsInR5cCI6IkpXVCJ9.eyJ0b2tlbl90eXBlIjoicmVmcmVzaCIsImV4cCI6MTY2ODI3MDc4NCwianRpIjoiNGFhODk1OGZmMzg5NDQxZGIyNTExYzEzYjdkZmIzYWIiLCJ1c2VyX2lkIjoxfQ.rSgT0PK5V5_Gx5Wb8xyklK05Khb5WaGVkqgXd9XVIwE','2022-10-13 16:33:04.059576','2022-11-12 16:33:04.000000',1,'4aa8958ff389441db2511c13b7dfb3ab'),
(117,'eyJhbGciOiJIUzI1NiIsInR5cCI6IkpXVCJ9.eyJ0b2tlbl90eXBlIjoicmVmcmVzaCIsImV4cCI6MTY2ODI3MDc4NCwianRpIjoiNDc2MWRlYmNlYThhNDhmMWFkZDgzMWJmOWU1MzdlNDMiLCJ1c2VyX2lkIjoxfQ.XGDyLBEn8v1opKKsLFyBJW-ZSd4JsaTp2FgyGHvuNaI','2022-10-13 16:33:04.412911','2022-11-12 16:33:04.000000',1,'4761debcea8a48f1add831bf9e537e43'),
(118,'eyJhbGciOiJIUzI1NiIsInR5cCI6IkpXVCJ9.eyJ0b2tlbl90eXBlIjoicmVmcmVzaCIsImV4cCI6MTY2ODI3MDc4NCwianRpIjoiMTE0YTNiZjcxYzgxNDMyMmIwMGVkOWI4NjhmM2ExYTIiLCJ1c2VyX2lkIjoxfQ.aPeGaoItNzWj8F2vWVUlKUlH4LzXNI649dMKB3A6Ud4','2022-10-13 16:33:04.748244','2022-11-12 16:33:04.000000',1,'114a3bf71c814322b00ed9b868f3a1a2'),
(119,'eyJhbGciOiJIUzI1NiIsInR5cCI6IkpXVCJ9.eyJ0b2tlbl90eXBlIjoicmVmcmVzaCIsImV4cCI6MTY2ODI3MDc4NSwianRpIjoiMDllZmU2Nzk2MjhkNDBmYmIyMWZjYjQwOTYyNmI0NGMiLCJ1c2VyX2lkIjoxfQ.2Bo0rTb-7Rz74PvbPssPNMHDtMiGetjjmeTYDw2GxgQ','2022-10-13 16:33:05.081563','2022-11-12 16:33:05.000000',1,'09efe679628d40fbb21fcb409626b44c'),
(120,'eyJhbGciOiJIUzI1NiIsInR5cCI6IkpXVCJ9.eyJ0b2tlbl90eXBlIjoicmVmcmVzaCIsImV4cCI6MTY2ODI3MDc4NSwianRpIjoiNWI2ODdkYzEyYjU4NDhjYmI5MzQ3NGJhZWYyZWQwYzgiLCJ1c2VyX2lkIjoxfQ.AsOTo9VfWc6pIwCG_HAbagSy_mF-bGBXZ2CCBsUgS0o','2022-10-13 16:33:05.490370','2022-11-12 16:33:05.000000',1,'5b687dc12b5848cbb93474baef2ed0c8'),
(121,'eyJhbGciOiJIUzI1NiIsInR5cCI6IkpXVCJ9.eyJ0b2tlbl90eXBlIjoicmVmcmVzaCIsImV4cCI6MTY2ODI3MDc4NSwianRpIjoiZjViYzE4MTFjNDIyNDYyMWJhNDc4ZTQ3Y2Y0NjYwZGUiLCJ1c2VyX2lkIjoxfQ.-Gaoz1IfvZdAz3jRkxY_IqP1q434Zkz3ZzLlwCRdcTE','2022-10-13 16:33:05.944807','2022-11-12 16:33:05.000000',1,'f5bc1811c4224621ba478e47cf4660de'),
(122,'eyJhbGciOiJIUzI1NiIsInR5cCI6IkpXVCJ9.eyJ0b2tlbl90eXBlIjoicmVmcmVzaCIsImV4cCI6MTY2ODI3MDc4NiwianRpIjoiYWFkNTczNGEzYjY5NDI1MDg5NmQwMjMxMTBmNTI4NjUiLCJ1c2VyX2lkIjoxfQ.6CeDipD2L8VRqMoNMxkEsBNJ1Y-K_gN2yG-cj9IfHBU','2022-10-13 16:33:06.421210','2022-11-12 16:33:06.000000',1,'aad5734a3b694250896d023110f52865'),
(123,'eyJhbGciOiJIUzI1NiIsInR5cCI6IkpXVCJ9.eyJ0b2tlbl90eXBlIjoicmVmcmVzaCIsImV4cCI6MTY2ODI3MDc4NywianRpIjoiYjdmNmU5MWI0NjUyNDg4N2IyNmIzZmZjMjdkOGJjY2EiLCJ1c2VyX2lkIjoxfQ.9l9Og7ySLVcQLnKy3JwD8hUDfIW0lIM5SpWDjStKRXU','2022-10-13 16:33:07.271714','2022-11-12 16:33:07.000000',1,'b7f6e91b46524887b26b3ffc27d8bcca'),
(124,'eyJhbGciOiJIUzI1NiIsInR5cCI6IkpXVCJ9.eyJ0b2tlbl90eXBlIjoicmVmcmVzaCIsImV4cCI6MTY2ODI3MDk5NiwianRpIjoiMDRiMTY5MjEwZjQ2NDQ4YmE3ZTM0NWE2NjAzMThjNzMiLCJ1c2VyX2lkIjoxfQ.fsz5LLrsmMDbjjcZbs_gVOOeS88riNYXAyx_K91K5Og','2022-10-13 16:36:36.671291','2022-11-12 16:36:36.000000',1,'04b169210f46448ba7e345a660318c73'),
(125,'eyJhbGciOiJIUzI1NiIsInR5cCI6IkpXVCJ9.eyJ0b2tlbl90eXBlIjoicmVmcmVzaCIsImV4cCI6MTY2ODI3MDk5NiwianRpIjoiNzE4N2FhMTcxMGQ5NGE5Yzg0ZjhhNGFiMzc5YTU2ZTMiLCJ1c2VyX2lkIjoxfQ.ywHc41dBlQbtBK6UUNbspYgp2PwK38PBymYBvsiScDU','2022-10-13 16:36:36.986679','2022-11-12 16:36:36.000000',1,'7187aa1710d94a9c84f8a4ab379a56e3'),
(126,'eyJhbGciOiJIUzI1NiIsInR5cCI6IkpXVCJ9.eyJ0b2tlbl90eXBlIjoicmVmcmVzaCIsImV4cCI6MTY2ODI3MDk5NywianRpIjoiYzJiZTg0Yjc4ZWIyNGM1ZTk4N2M3Mzg4NDJjYTFiZGYiLCJ1c2VyX2lkIjoxfQ.7ufbv7O_5sq4BdwYVkh_czmZIbTbjyL8GLptMNeF95k','2022-10-13 16:36:37.413637','2022-11-12 16:36:37.000000',1,'c2be84b78eb24c5e987c738842ca1bdf'),
(127,'eyJhbGciOiJIUzI1NiIsInR5cCI6IkpXVCJ9.eyJ0b2tlbl90eXBlIjoicmVmcmVzaCIsImV4cCI6MTY2ODI3MDk5NywianRpIjoiOWM4YWVmMThmYzFjNDczMmFkODk4MjI0NmI2Mjc3YWQiLCJ1c2VyX2lkIjoxfQ.C2I5sVs3G8Cv2dSjxbpBGJ1Prhp3QCo_Hy_pZhzqxO4','2022-10-13 16:36:37.792927','2022-11-12 16:36:37.000000',1,'9c8aef18fc1c4732ad8982246b6277ad'),
(128,'eyJhbGciOiJIUzI1NiIsInR5cCI6IkpXVCJ9.eyJ0b2tlbl90eXBlIjoicmVmcmVzaCIsImV4cCI6MTY2ODI3MDk5OCwianRpIjoiOTFmNWJlYTFhMTFhNDIzNTg4OGM3Y2M5MTI5NjJkZDciLCJ1c2VyX2lkIjoxfQ.4sAbsHWOk3rekBn_c-wEzDCfD2b-lmGQNF_8FFn89dg','2022-10-13 16:36:38.175318','2022-11-12 16:36:38.000000',1,'91f5bea1a11a4235888c7cc912962dd7'),
(129,'eyJhbGciOiJIUzI1NiIsInR5cCI6IkpXVCJ9.eyJ0b2tlbl90eXBlIjoicmVmcmVzaCIsImV4cCI6MTY2ODI3MDk5OCwianRpIjoiYTZiMTU5ZDAxNWUyNGQ0OGE4Y2JjOTllZGY2Y2U4NTAiLCJ1c2VyX2lkIjoxfQ.1wL9VsJIm7UuBNKr1Rv5we40wxdB0qz2T9JHlfuNCTE','2022-10-13 16:36:38.514089','2022-11-12 16:36:38.000000',1,'a6b159d015e24d48a8cbc99edf6ce850'),
(130,'eyJhbGciOiJIUzI1NiIsInR5cCI6IkpXVCJ9.eyJ0b2tlbl90eXBlIjoicmVmcmVzaCIsImV4cCI6MTY2ODI3MDk5OCwianRpIjoiOGJjYzI4NGNiZGZjNGY1ZmI1NjU3ZjFiMDI0ODc5OTgiLCJ1c2VyX2lkIjoxfQ.AZIMOpyggr-LfetftB9acWV6_BRKapMiDPJVv37zIE4','2022-10-13 16:36:38.915216','2022-11-12 16:36:38.000000',1,'8bcc284cbdfc4f5fb5657f1b02487998'),
(131,'eyJhbGciOiJIUzI1NiIsInR5cCI6IkpXVCJ9.eyJ0b2tlbl90eXBlIjoicmVmcmVzaCIsImV4cCI6MTY2ODI3MDk5OSwianRpIjoiMTZjYzRmMjc5ODg1NDEwY2E0MmUwMTdkNjZkYmJkMTAiLCJ1c2VyX2lkIjoxfQ.5IDurKWnU_HIwsPmPevXBQwBCalxDwZSUiKxD2d-8IM','2022-10-13 16:36:39.286152','2022-11-12 16:36:39.000000',1,'16cc4f279885410ca42e017d66dbbd10'),
(132,'eyJhbGciOiJIUzI1NiIsInR5cCI6IkpXVCJ9.eyJ0b2tlbl90eXBlIjoicmVmcmVzaCIsImV4cCI6MTY2ODI3MDk5OSwianRpIjoiYzE5NzMyNDkyOTY5NDJjNGIzYjZjMGMyOGY0MDY5ZjIiLCJ1c2VyX2lkIjoxfQ.lVLF26ru0LdvEmMEEyqpTGlrbujjhUtN8bNaBxipKH0','2022-10-13 16:36:39.630114','2022-11-12 16:36:39.000000',1,'c1973249296942c4b3b6c0c28f4069f2'),
(133,'eyJhbGciOiJIUzI1NiIsInR5cCI6IkpXVCJ9.eyJ0b2tlbl90eXBlIjoicmVmcmVzaCIsImV4cCI6MTY2ODI3MDk5OSwianRpIjoiN2RjY2NhNTA3MjRmNGFlZWE3MGIyNWRmMzE1M2VlNmQiLCJ1c2VyX2lkIjoxfQ.3SECuuEgEr0NKamCBZqgXqKKc99c9-KxG49Q1s3n_Qc','2022-10-13 16:36:39.993996','2022-11-12 16:36:39.000000',1,'7dccca50724f4aeea70b25df3153ee6d'),
(134,'eyJhbGciOiJIUzI1NiIsInR5cCI6IkpXVCJ9.eyJ0b2tlbl90eXBlIjoicmVmcmVzaCIsImV4cCI6MTY2ODI3MTAwMCwianRpIjoiNDhjMjRmODQxZTZmNDc1OTliOGI3N2Y5N2EyNWY1NzUiLCJ1c2VyX2lkIjoxfQ.ckT6rotBUdMGCwd5UrT_OlYbQPupiY5R5C-psLU4QzU','2022-10-13 16:36:40.341099','2022-11-12 16:36:40.000000',1,'48c24f841e6f47599b8b77f97a25f575'),
(135,'eyJhbGciOiJIUzI1NiIsInR5cCI6IkpXVCJ9.eyJ0b2tlbl90eXBlIjoicmVmcmVzaCIsImV4cCI6MTY2ODI3MTAwMCwianRpIjoiOTE0ZjIwNzJlYTE1NDMyNjkwZmIzMDJiNmNiZTkxY2MiLCJ1c2VyX2lkIjoxfQ.MuUbQFRmY0fc0xkbhAXqJyxQBECLQXOXyGgP3e0oOnM','2022-10-13 16:36:40.863843','2022-11-12 16:36:40.000000',1,'914f2072ea15432690fb302b6cbe91cc'),
(136,'eyJhbGciOiJIUzI1NiIsInR5cCI6IkpXVCJ9.eyJ0b2tlbl90eXBlIjoicmVmcmVzaCIsImV4cCI6MTY2ODI3MTAzMCwianRpIjoiNWI3YTY2MGNhMDc3NDY4OWEwOTEyZjYxNWU4ZDA5MWYiLCJ1c2VyX2lkIjoxfQ.xVXFFwT2ISlJ7H4jwZ39xcfHkjgDdmFQdXDovy0hZu4','2022-10-13 16:37:10.341287','2022-11-12 16:37:10.000000',1,'5b7a660ca0774689a0912f615e8d091f'),
(137,'eyJhbGciOiJIUzI1NiIsInR5cCI6IkpXVCJ9.eyJ0b2tlbl90eXBlIjoicmVmcmVzaCIsImV4cCI6MTY2ODI3MTAzMCwianRpIjoiOTg1NmM2OWNlOGQyNDM1ZThlY2RmZDMyN2ZlZGIxY2MiLCJ1c2VyX2lkIjoxfQ.ra5OiV-V7yCE_J_6w3PgHa2zx1zC440VjEXN9VAXblk','2022-10-13 16:37:10.719239','2022-11-12 16:37:10.000000',1,'9856c69ce8d2435e8ecdfd327fedb1cc'),
(138,'eyJhbGciOiJIUzI1NiIsInR5cCI6IkpXVCJ9.eyJ0b2tlbl90eXBlIjoicmVmcmVzaCIsImV4cCI6MTY2ODI3MTAzMSwianRpIjoiZDUxMDc1NDdlZjA1NGM1NGEwNTQwZTVlNjZiMDI4ZWYiLCJ1c2VyX2lkIjoxfQ.hebbF2_rkvZQsi8U07zsFkrbPr9t5KEHBS9mhnRvArI','2022-10-13 16:37:11.053050','2022-11-12 16:37:11.000000',1,'d5107547ef054c54a0540e5e66b028ef'),
(139,'eyJhbGciOiJIUzI1NiIsInR5cCI6IkpXVCJ9.eyJ0b2tlbl90eXBlIjoicmVmcmVzaCIsImV4cCI6MTY2ODI3MTAzMSwianRpIjoiNzM4MzNmNzY3YTc1NDY1ZWExZmIyYTE5YzNkZDUzZTciLCJ1c2VyX2lkIjoxfQ.ULuF1k8dmJ0PN0ZgRAnUygDRQs_60huFnX1ufutYSFA','2022-10-13 16:37:11.434512','2022-11-12 16:37:11.000000',1,'73833f767a75465ea1fb2a19c3dd53e7'),
(140,'eyJhbGciOiJIUzI1NiIsInR5cCI6IkpXVCJ9.eyJ0b2tlbl90eXBlIjoicmVmcmVzaCIsImV4cCI6MTY2ODI3MTAzMSwianRpIjoiZmYyZWFkZTczMzg4NGMzOTk1MGM0N2ZiZDZjOGI2NTkiLCJ1c2VyX2lkIjoxfQ.p60NROPCHftj8I4y6cIaTB8RShvpKXvl1siaVhd78kU','2022-10-13 16:37:11.781115','2022-11-12 16:37:11.000000',1,'ff2eade733884c39950c47fbd6c8b659'),
(141,'eyJhbGciOiJIUzI1NiIsInR5cCI6IkpXVCJ9.eyJ0b2tlbl90eXBlIjoicmVmcmVzaCIsImV4cCI6MTY2ODI3MTAzMiwianRpIjoiNDY5YmY3YjU4N2FjNDZmYzkzMWFhM2IzYjgyMWNkNWEiLCJ1c2VyX2lkIjoxfQ.zCJuWL1kpxzOOUJhb0ohwE2ssqaezhmOIroR2Lbtdds','2022-10-13 16:37:12.079757','2022-11-12 16:37:12.000000',1,'469bf7b587ac46fc931aa3b3b821cd5a'),
(142,'eyJhbGciOiJIUzI1NiIsInR5cCI6IkpXVCJ9.eyJ0b2tlbl90eXBlIjoicmVmcmVzaCIsImV4cCI6MTY2ODI3MTAzMiwianRpIjoiNWE5OGU4NzZkMDRhNGNhNDk0ZDNhZjI4NTdkNjYxMzMiLCJ1c2VyX2lkIjoxfQ.2_9udPETdDZXwEC-R8OdEdqrn9Vk2Oz5nNqKEILN03Q','2022-10-13 16:37:12.395425','2022-11-12 16:37:12.000000',1,'5a98e876d04a4ca494d3af2857d66133'),
(143,'eyJhbGciOiJIUzI1NiIsInR5cCI6IkpXVCJ9.eyJ0b2tlbl90eXBlIjoicmVmcmVzaCIsImV4cCI6MTY2ODI3MTAzMiwianRpIjoiNDcyMGJiNjhiZjg5NDk4YWI4MWY0MWQ0NjAwM2U2OTkiLCJ1c2VyX2lkIjoxfQ.V8ea8UfjupSsd8A2aMdhJrBnrCz5gVYR4KXXeuHJ_wY','2022-10-13 16:37:12.762322','2022-11-12 16:37:12.000000',1,'4720bb68bf89498ab81f41d46003e699'),
(144,'eyJhbGciOiJIUzI1NiIsInR5cCI6IkpXVCJ9.eyJ0b2tlbl90eXBlIjoicmVmcmVzaCIsImV4cCI6MTY2ODI3MTAzMywianRpIjoiYzdjY2NjYjlhNzlhNDI4MzgyMjEzYWY4YTEwZjNhZDIiLCJ1c2VyX2lkIjoxfQ.v9bt3DbSsgKQ6PgnMFw4pOMPIfbjGE48lfgdht_PUts','2022-10-13 16:37:13.089771','2022-11-12 16:37:13.000000',1,'c7ccccb9a79a428382213af8a10f3ad2'),
(145,'eyJhbGciOiJIUzI1NiIsInR5cCI6IkpXVCJ9.eyJ0b2tlbl90eXBlIjoicmVmcmVzaCIsImV4cCI6MTY2ODI3MTAzMywianRpIjoiOTA3MzllZTk5Njg5NDI4Njk5OTc0ZDYwYTU2YzZjMmEiLCJ1c2VyX2lkIjoxfQ.Q0EgXR726SB4XonFALIOZQq8nGKC19DiaE7BanYWwCM','2022-10-13 16:37:13.452500','2022-11-12 16:37:13.000000',1,'90739ee99689428699974d60a56c6c2a'),
(146,'eyJhbGciOiJIUzI1NiIsInR5cCI6IkpXVCJ9.eyJ0b2tlbl90eXBlIjoicmVmcmVzaCIsImV4cCI6MTY2ODI3MTAzMywianRpIjoiYjliMzgyNWYyZjc3NDM0Njk2M2ZjYzQxNmFlOGFmZTEiLCJ1c2VyX2lkIjoxfQ.fUE8v_n8pOMQ98soggko72E7lNn1Yf1ywx4tYBGl0lA','2022-10-13 16:37:13.812384','2022-11-12 16:37:13.000000',1,'b9b3825f2f774346963fcc416ae8afe1'),
(147,'eyJhbGciOiJIUzI1NiIsInR5cCI6IkpXVCJ9.eyJ0b2tlbl90eXBlIjoicmVmcmVzaCIsImV4cCI6MTY2ODI3MTAzNCwianRpIjoiZTdmYjBlYWUxZjUxNDBmZjkwOGQwYTUwNDZiMjUwMDgiLCJ1c2VyX2lkIjoxfQ.j3bgYBf5RUesToFYFnCb-qVqfHPF4GiXeT_EzVPxV4I','2022-10-13 16:37:14.216784','2022-11-12 16:37:14.000000',1,'e7fb0eae1f5140ff908d0a5046b25008'),
(148,'eyJhbGciOiJIUzI1NiIsInR5cCI6IkpXVCJ9.eyJ0b2tlbl90eXBlIjoicmVmcmVzaCIsImV4cCI6MTY2ODI3MTAzNCwianRpIjoiODk0YzU1Mzc0NzE3NGIxNzg5MmRjNDk3MDRlOGIyZDAiLCJ1c2VyX2lkIjoxfQ.v2tYgSnc0ubdU0ca_B4LnuQu4-hv_6zHRahr_bUvPH8','2022-10-13 16:37:14.548507','2022-11-12 16:37:14.000000',1,'894c553747174b17892dc49704e8b2d0'),
(149,'eyJhbGciOiJIUzI1NiIsInR5cCI6IkpXVCJ9.eyJ0b2tlbl90eXBlIjoicmVmcmVzaCIsImV4cCI6MTY2ODI3MTAzNCwianRpIjoiOGE0OGI4YjQzZWYyNDE0MTliZTdiNTIyYjdkMzdhZWIiLCJ1c2VyX2lkIjoxfQ.VZr3c9n3Mwcf-aN08moZ-qPW--AHm5Hlt52Gsu6Za_4','2022-10-13 16:37:14.887719','2022-11-12 16:37:14.000000',1,'8a48b8b43ef241419be7b522b7d37aeb'),
(150,'eyJhbGciOiJIUzI1NiIsInR5cCI6IkpXVCJ9.eyJ0b2tlbl90eXBlIjoicmVmcmVzaCIsImV4cCI6MTY2ODI3MTAzNiwianRpIjoiZTQ3ZTYyYjA4MjYzNDg2NDlmYWI2ZWE4MTk4NmIxMDUiLCJ1c2VyX2lkIjoxfQ.vcY31m4nuMuf7YbVkli_4r0d4nhgnqzq6_syMPfejpA','2022-10-13 16:37:16.159062','2022-11-12 16:37:16.000000',1,'e47e62b0826348649fab6ea81986b105'),
(151,'eyJhbGciOiJIUzI1NiIsInR5cCI6IkpXVCJ9.eyJ0b2tlbl90eXBlIjoicmVmcmVzaCIsImV4cCI6MTY2ODI3MTIyMiwianRpIjoiMWI0YWQyMjZjNDNjNDJlYTg0MWIxNmVjYTU3MWFkN2YiLCJ1c2VyX2lkIjoxfQ.dd_x4HE5n1vimkJoCk5vEoCLCr4e8ODVdCmI18O-TeE','2022-10-13 16:40:22.657185','2022-11-12 16:40:22.000000',1,'1b4ad226c43c42ea841b16eca571ad7f'),
(152,'eyJhbGciOiJIUzI1NiIsInR5cCI6IkpXVCJ9.eyJ0b2tlbl90eXBlIjoicmVmcmVzaCIsImV4cCI6MTY2ODI3MTIyMiwianRpIjoiN2I3OGNhMWQ3N2FiNGI5MDhmMGUxYzRhMDJmOGYwMmMiLCJ1c2VyX2lkIjoxfQ.EoJoB-nKqdUNpjP4TBdfa0qD3OqczTZmVLxNQfDCAao','2022-10-13 16:40:22.985661','2022-11-12 16:40:22.000000',1,'7b78ca1d77ab4b908f0e1c4a02f8f02c'),
(153,'eyJhbGciOiJIUzI1NiIsInR5cCI6IkpXVCJ9.eyJ0b2tlbl90eXBlIjoicmVmcmVzaCIsImV4cCI6MTY2ODI3MTIyMywianRpIjoiZmRlZjQ2NzJlNTJjNGEwZmExZmQyYmYwYzhjYWUzY2UiLCJ1c2VyX2lkIjoxfQ.kgHLJphmDY5q9xfD5FaBnKCk6qBDvAhCgi9Wztx4icM','2022-10-13 16:40:23.288039','2022-11-12 16:40:23.000000',1,'fdef4672e52c4a0fa1fd2bf0c8cae3ce'),
(154,'eyJhbGciOiJIUzI1NiIsInR5cCI6IkpXVCJ9.eyJ0b2tlbl90eXBlIjoicmVmcmVzaCIsImV4cCI6MTY2ODI3MTIyMywianRpIjoiYzQ4NjlmYjcxNzVjNGQyOThhOTdmNzAyNWVkMjUzOWIiLCJ1c2VyX2lkIjoxfQ.ruN_cQJgF1QUyNOuRH7lDrm0nraLKCbuaqDE-joe9Pw','2022-10-13 16:40:23.619808','2022-11-12 16:40:23.000000',1,'c4869fb7175c4d298a97f7025ed2539b'),
(155,'eyJhbGciOiJIUzI1NiIsInR5cCI6IkpXVCJ9.eyJ0b2tlbl90eXBlIjoicmVmcmVzaCIsImV4cCI6MTY2ODI3MTIyMywianRpIjoiYzQ3MTZmYmE4YjhmNDU4YjgyOTFiNWM1YzI3ZTYzOWQiLCJ1c2VyX2lkIjoxfQ.cADH1dNGbJwUlSktGJ601JCK-EF7ZvN8dzE0hJiQ0Rw','2022-10-13 16:40:23.969681','2022-11-12 16:40:23.000000',1,'c4716fba8b8f458b8291b5c5c27e639d'),
(156,'eyJhbGciOiJIUzI1NiIsInR5cCI6IkpXVCJ9.eyJ0b2tlbl90eXBlIjoicmVmcmVzaCIsImV4cCI6MTY2ODI3MTIyNCwianRpIjoiN2ZjZmQwNjExMDI2NGFlYjhmMWUzM2M4MTI4MWYwMDUiLCJ1c2VyX2lkIjoxfQ.oAgOEWt8zzVwE1ix2eueB5DEEmyN5B1d8x1KU7fuAms','2022-10-13 16:40:24.331283','2022-11-12 16:40:24.000000',1,'7fcfd06110264aeb8f1e33c81281f005'),
(157,'eyJhbGciOiJIUzI1NiIsInR5cCI6IkpXVCJ9.eyJ0b2tlbl90eXBlIjoicmVmcmVzaCIsImV4cCI6MTY2ODI3MTIyNCwianRpIjoiMTk5ZGNiM2YzZWJkNGFiZDlkMGUxOGZmMTJjMGU4ZGUiLCJ1c2VyX2lkIjoxfQ.BQwtVU3I1zhFAYwqdWK2tD8QjPvoqTJGmvY3H2mQW7M','2022-10-13 16:40:24.711504','2022-11-12 16:40:24.000000',1,'199dcb3f3ebd4abd9d0e18ff12c0e8de'),
(158,'eyJhbGciOiJIUzI1NiIsInR5cCI6IkpXVCJ9.eyJ0b2tlbl90eXBlIjoicmVmcmVzaCIsImV4cCI6MTY2ODI3MTIyNSwianRpIjoiODUyMzNiY2UzOTQ2NDFiOTk1NjU1ZWI4MmY1ZTBhMjQiLCJ1c2VyX2lkIjoxfQ.UgACIIc1dLirXM5xmcajq3wNyF1a4s5BUjLUUSBEraY','2022-10-13 16:40:25.037537','2022-11-12 16:40:25.000000',1,'85233bce394641b995655eb82f5e0a24'),
(159,'eyJhbGciOiJIUzI1NiIsInR5cCI6IkpXVCJ9.eyJ0b2tlbl90eXBlIjoicmVmcmVzaCIsImV4cCI6MTY2ODI3MTIyNSwianRpIjoiN2EzZDhmZThhYTA2NGQxMzgzNjE2ZWM5ZjJiYzc4MjAiLCJ1c2VyX2lkIjoxfQ.RWOqOXzuKgNBQlWtjBtNTyibrLWcihZJPTghfs4lW3E','2022-10-13 16:40:25.416887','2022-11-12 16:40:25.000000',1,'7a3d8fe8aa064d1383616ec9f2bc7820'),
(160,'eyJhbGciOiJIUzI1NiIsInR5cCI6IkpXVCJ9.eyJ0b2tlbl90eXBlIjoicmVmcmVzaCIsImV4cCI6MTY2ODI3MTIyNSwianRpIjoiMjFjZGRlMGU1Zjc3NDk0MDgxNzhlM2NiN2VhMGYyZjgiLCJ1c2VyX2lkIjoxfQ.rA-IT12vgvd5uL8hEHuVwi1apm4PJIwAzEriVtH1oi8','2022-10-13 16:40:25.743317','2022-11-12 16:40:25.000000',1,'21cdde0e5f7749408178e3cb7ea0f2f8'),
(161,'eyJhbGciOiJIUzI1NiIsInR5cCI6IkpXVCJ9.eyJ0b2tlbl90eXBlIjoicmVmcmVzaCIsImV4cCI6MTY2ODI3MTIyNiwianRpIjoiZGY2MDQ4YTFiM2E2NDdiZjhjODYxMWYwOGZjNWFhYzgiLCJ1c2VyX2lkIjoxfQ.FDNBpy4V30Lvi8grc08Xdj8KazJnhP1FyJzoU0V-v8w','2022-10-13 16:40:26.051167','2022-11-12 16:40:26.000000',1,'df6048a1b3a647bf8c8611f08fc5aac8'),
(162,'eyJhbGciOiJIUzI1NiIsInR5cCI6IkpXVCJ9.eyJ0b2tlbl90eXBlIjoicmVmcmVzaCIsImV4cCI6MTY2ODI3MTIyNiwianRpIjoiYzAzYTM4NzVjNDQ1NDhkYmI0NDA3YTg1ZDZjOWQ2MzIiLCJ1c2VyX2lkIjoxfQ.t7C1QwyckMbidDJCMLPRTMieGL_CWCPPlPPoYZvvjEU','2022-10-13 16:40:26.429519','2022-11-12 16:40:26.000000',1,'c03a3875c44548dbb4407a85d6c9d632'),
(163,'eyJhbGciOiJIUzI1NiIsInR5cCI6IkpXVCJ9.eyJ0b2tlbl90eXBlIjoicmVmcmVzaCIsImV4cCI6MTY2ODI3MTIyNiwianRpIjoiNzk2Y2NkNTMwZTQ3NDBkZTlkOTM3OTM1MzcxMDcwNWEiLCJ1c2VyX2lkIjoxfQ.-w-6Y0OgDDHsNU9ni0ZvfCU-o8BdmRqtv9wQI6Ga0zw','2022-10-13 16:40:26.773321','2022-11-12 16:40:26.000000',1,'796ccd530e4740de9d9379353710705a'),
(164,'eyJhbGciOiJIUzI1NiIsInR5cCI6IkpXVCJ9.eyJ0b2tlbl90eXBlIjoicmVmcmVzaCIsImV4cCI6MTY2ODI3MTIyNywianRpIjoiODc3NzYzMGU1YzYyNDUxZTg0YTNkZjU2MjdkZTE2ODciLCJ1c2VyX2lkIjoxfQ.Mtpxi8RENk0vXr9f_hDPG7kwpRCNkZSMDtBKix8Exwg','2022-10-13 16:40:27.121744','2022-11-12 16:40:27.000000',1,'8777630e5c62451e84a3df5627de1687'),
(165,'eyJhbGciOiJIUzI1NiIsInR5cCI6IkpXVCJ9.eyJ0b2tlbl90eXBlIjoicmVmcmVzaCIsImV4cCI6MTY2ODI3MTIyNywianRpIjoiOTAyNjg4NzIyY2FiNDNiYTlhODk0NjBkNzAzMTE1OTkiLCJ1c2VyX2lkIjoxfQ.LwzZYOWKH044CFsVP9fwhkh-01K3ZCKqsNfzQEDAMKw','2022-10-13 16:40:27.443527','2022-11-12 16:40:27.000000',1,'902688722cab43ba9a89460d70311599'),
(166,'eyJhbGciOiJIUzI1NiIsInR5cCI6IkpXVCJ9.eyJ0b2tlbl90eXBlIjoicmVmcmVzaCIsImV4cCI6MTY2ODI3MTIyNywianRpIjoiOWI1OGUwMGE5NjY0NDI2MzgyMzBkODc5ZjI2NGYzYWEiLCJ1c2VyX2lkIjoxfQ.qDRLpxJXA_c1pOGphv5en5KdAt3es8LVcTyHM6Fiw7U','2022-10-13 16:40:27.752050','2022-11-12 16:40:27.000000',1,'9b58e00a966442638230d879f264f3aa'),
(167,'eyJhbGciOiJIUzI1NiIsInR5cCI6IkpXVCJ9.eyJ0b2tlbl90eXBlIjoicmVmcmVzaCIsImV4cCI6MTY2ODI3MTIyOCwianRpIjoiZmFkMWMyNDQxYThmNGNhYTljMTRjMGEzNGI2OWNlZWUiLCJ1c2VyX2lkIjoxfQ.p3kNqELH9doZexNq7VImysYfGv2WHINEwWgvyqpAacw','2022-10-13 16:40:28.093680','2022-11-12 16:40:28.000000',1,'fad1c2441a8f4caa9c14c0a34b69ceee'),
(168,'eyJhbGciOiJIUzI1NiIsInR5cCI6IkpXVCJ9.eyJ0b2tlbl90eXBlIjoicmVmcmVzaCIsImV4cCI6MTY2ODI3MTIyOCwianRpIjoiOGQzMzVkMTU1ZjE4NGUzMWE3ZWIzZjQxY2I2M2NkYjYiLCJ1c2VyX2lkIjoxfQ.tXgaj3dHBS0_Z4XI_ewmPlezO0bkoc8OvWGed-iRFCA','2022-10-13 16:40:28.459611','2022-11-12 16:40:28.000000',1,'8d335d155f184e31a7eb3f41cb63cdb6'),
(169,'eyJhbGciOiJIUzI1NiIsInR5cCI6IkpXVCJ9.eyJ0b2tlbl90eXBlIjoicmVmcmVzaCIsImV4cCI6MTY2ODI3MTIyOCwianRpIjoiYjQxMTk4MWQ5MDAzNDFjY2I3MWY5YTBhZmJiNmMyN2IiLCJ1c2VyX2lkIjoxfQ.yjoDSw1W2qHzZCk1_8VAWjtt-zSfHo9W0_poonNA-X8','2022-10-13 16:40:28.827841','2022-11-12 16:40:28.000000',1,'b411981d900341ccb71f9a0afbb6c27b'),
(170,'eyJhbGciOiJIUzI1NiIsInR5cCI6IkpXVCJ9.eyJ0b2tlbl90eXBlIjoicmVmcmVzaCIsImV4cCI6MTY2ODI3MTIyOSwianRpIjoiMjRhMTk4NjFhYTFiNDA5ODk3OWNlODM1YmExOTUxMmMiLCJ1c2VyX2lkIjoxfQ.c6Xee8zfcxYJcv5f1SaS-n6Ootu77s3KOsdAvNdLAkI','2022-10-13 16:40:29.445929','2022-11-12 16:40:29.000000',1,'24a19861aa1b4098979ce835ba19512c'),
(171,'eyJhbGciOiJIUzI1NiIsInR5cCI6IkpXVCJ9.eyJ0b2tlbl90eXBlIjoicmVmcmVzaCIsImV4cCI6MTY2ODI3MTIzMCwianRpIjoiOGQ0NGQyODI5YWQ1NDlkYThhZGQxNTYxNjc5MGIzNTIiLCJ1c2VyX2lkIjoxfQ.uadqm7foEXJMipv4Ud-DXfbIxdC5X8XlTfn_embdA8I','2022-10-13 16:40:30.015354','2022-11-12 16:40:30.000000',1,'8d44d2829ad549da8add15616790b352'),
(172,'eyJhbGciOiJIUzI1NiIsInR5cCI6IkpXVCJ9.eyJ0b2tlbl90eXBlIjoicmVmcmVzaCIsImV4cCI6MTY2ODI3MTIzMCwianRpIjoiZGYzN2ZlZTQ5MGRmNDIxZTk0ODM4ZjRjMzFjODE1MjAiLCJ1c2VyX2lkIjoxfQ.SgkW_ThWiywzzXr3nnvpmI5yYzFrzekbwO6UmAFXjR8','2022-10-13 16:40:30.817920','2022-11-12 16:40:30.000000',1,'df37fee490df421e94838f4c31c81520'),
(173,'eyJhbGciOiJIUzI1NiIsInR5cCI6IkpXVCJ9.eyJ0b2tlbl90eXBlIjoicmVmcmVzaCIsImV4cCI6MTY2ODI3MTIzMSwianRpIjoiZmViNjVmNjdmZDk3NGE5MThlMGVmYWU1NGM3NTk4MDkiLCJ1c2VyX2lkIjoxfQ.7Kr_pn7Ne546Bz_4129nOq3O5tH5FWzMMVKK9JxghYY','2022-10-13 16:40:31.164135','2022-11-12 16:40:31.000000',1,'feb65f67fd974a918e0efae54c759809'),
(174,'eyJhbGciOiJIUzI1NiIsInR5cCI6IkpXVCJ9.eyJ0b2tlbl90eXBlIjoicmVmcmVzaCIsImV4cCI6MTY2ODI3MTIzMSwianRpIjoiOTNhMWYzZjI5OTNiNDNmOGE0NjdlZjU3ODM4NWZhMzYiLCJ1c2VyX2lkIjoxfQ.5VyWKDeRUXQYRgySh9Lp5UkfeMabjGaTB6EwXUrDeJU','2022-10-13 16:40:31.511118','2022-11-12 16:40:31.000000',1,'93a1f3f2993b43f8a467ef578385fa36'),
(175,'eyJhbGciOiJIUzI1NiIsInR5cCI6IkpXVCJ9.eyJ0b2tlbl90eXBlIjoicmVmcmVzaCIsImV4cCI6MTY2ODI3MTIzMSwianRpIjoiMmViMTI0NmU0MWU1NGJmZmJlOTQ0YmVhMDI4YTEwYzMiLCJ1c2VyX2lkIjoxfQ.plJRM1Xr2Eg1xgxVcDFUZycnB1ZosAqY_5tTVzwujZk','2022-10-13 16:40:31.814354','2022-11-12 16:40:31.000000',1,'2eb1246e41e54bffbe944bea028a10c3'),
(176,'eyJhbGciOiJIUzI1NiIsInR5cCI6IkpXVCJ9.eyJ0b2tlbl90eXBlIjoicmVmcmVzaCIsImV4cCI6MTY2ODI3MTIzMiwianRpIjoiY2FhNGFlOTUxMDk4NDJiY2JkMzBjZjFiOTkwYjFjMjIiLCJ1c2VyX2lkIjoxfQ.EweOptKFi7FJPIz2-5LJ6n4bgpFiBo3_0sMHd38nLsc','2022-10-13 16:40:32.156148','2022-11-12 16:40:32.000000',1,'caa4ae95109842bcbd30cf1b990b1c22'),
(177,'eyJhbGciOiJIUzI1NiIsInR5cCI6IkpXVCJ9.eyJ0b2tlbl90eXBlIjoicmVmcmVzaCIsImV4cCI6MTY2ODI3MTIzMiwianRpIjoiOTdjZDAzOWUxNGNhNGY2MTlmZjVlNDgyYzFkNmFmMzYiLCJ1c2VyX2lkIjoxfQ.QtPVrA0k9RkOaO4ghplp9MGjnAFnrgVWhBo2OMEXl98','2022-10-13 16:40:32.599414','2022-11-12 16:40:32.000000',1,'97cd039e14ca4f619ff5e482c1d6af36'),
(178,'eyJhbGciOiJIUzI1NiIsInR5cCI6IkpXVCJ9.eyJ0b2tlbl90eXBlIjoicmVmcmVzaCIsImV4cCI6MTY2ODI3MTIzMywianRpIjoiNmU2Nzk1NjYyZjM0NDc1MWI3NjAyMzg3ZTNiZGEwYTMiLCJ1c2VyX2lkIjoxfQ.Drg-ymnzBw2IfpUsizMMzLST7YJDtj3k0b-y0DV9f8E','2022-10-13 16:40:33.108052','2022-11-12 16:40:33.000000',1,'6e6795662f344751b7602387e3bda0a3'),
(179,'eyJhbGciOiJIUzI1NiIsInR5cCI6IkpXVCJ9.eyJ0b2tlbl90eXBlIjoicmVmcmVzaCIsImV4cCI6MTY2ODI3MTIzMywianRpIjoiZjM4NTU2MzQyMDhlNGYxYmJlODJhMzk5NWNjZjc3N2YiLCJ1c2VyX2lkIjoxfQ.m7Fdg4G_lElsXwg966obur1EsyHkNgVx1h3EpuUE_Wg','2022-10-13 16:40:33.491880','2022-11-12 16:40:33.000000',1,'f3855634208e4f1bbe82a3995ccf777f'),
(180,'eyJhbGciOiJIUzI1NiIsInR5cCI6IkpXVCJ9.eyJ0b2tlbl90eXBlIjoicmVmcmVzaCIsImV4cCI6MTY2ODI3MTIzMywianRpIjoiNmY3MDQ5NGUwZWFlNGJlNGFiYzM3YTRmNjdiY2I3ZjAiLCJ1c2VyX2lkIjoxfQ.kxfHdXvkQ43owoW9KYU3JsS8InUtxIieloNW0J0CoyE','2022-10-13 16:40:33.863821','2022-11-12 16:40:33.000000',1,'6f70494e0eae4be4abc37a4f67bcb7f0'),
(181,'eyJhbGciOiJIUzI1NiIsInR5cCI6IkpXVCJ9.eyJ0b2tlbl90eXBlIjoicmVmcmVzaCIsImV4cCI6MTY2ODI3MTIzNCwianRpIjoiNjcyNmUxMTFhZGNiNGIwZGFjNTczMjA2ZWFjNDU0NDciLCJ1c2VyX2lkIjoxfQ.tFZeGQdMJLt6QoEvuBYBAXUJyyo8a7y-Q8vmYR1jnes','2022-10-13 16:40:34.217409','2022-11-12 16:40:34.000000',1,'6726e111adcb4b0dac573206eac45447'),
(182,'eyJhbGciOiJIUzI1NiIsInR5cCI6IkpXVCJ9.eyJ0b2tlbl90eXBlIjoicmVmcmVzaCIsImV4cCI6MTY2ODI3MTIzNCwianRpIjoiYTcwZjk2ZmUzYjk2NDQxZWI4Y2Y2MTIwZGZiZTlkYzEiLCJ1c2VyX2lkIjoxfQ.PoK8xQrs-woLKvlYvLWAkcQJlWy47CaSHNGTGJwFPD0','2022-10-13 16:40:34.647860','2022-11-12 16:40:34.000000',1,'a70f96fe3b96441eb8cf6120dfbe9dc1'),
(183,'eyJhbGciOiJIUzI1NiIsInR5cCI6IkpXVCJ9.eyJ0b2tlbl90eXBlIjoicmVmcmVzaCIsImV4cCI6MTY2ODI3MTIzNCwianRpIjoiNzcwMWZmZTZjNzhmNDZiNWE1MTgwN2E4OThjNjRjNzkiLCJ1c2VyX2lkIjoxfQ.J9cGY9JSYAMdMFahkxi4oBwxIYNXqBqoMxwcQJuKLgQ','2022-10-13 16:40:34.995930','2022-11-12 16:40:34.000000',1,'7701ffe6c78f46b5a51807a898c64c79'),
(184,'eyJhbGciOiJIUzI1NiIsInR5cCI6IkpXVCJ9.eyJ0b2tlbl90eXBlIjoicmVmcmVzaCIsImV4cCI6MTY2ODI3MTIzNSwianRpIjoiYjk5ODI3MWEyZWU2NGUzMjg4YjY4MWFhNTA1Y2YzODAiLCJ1c2VyX2lkIjoxfQ.6rkm899dR9yKLMs4cKOIyj-P7_pIy3YegxrJGUN1TrQ','2022-10-13 16:40:35.292711','2022-11-12 16:40:35.000000',1,'b998271a2ee64e3288b681aa505cf380'),
(185,'eyJhbGciOiJIUzI1NiIsInR5cCI6IkpXVCJ9.eyJ0b2tlbl90eXBlIjoicmVmcmVzaCIsImV4cCI6MTY2ODI3MTIzNSwianRpIjoiY2I3ZmI4NWY3MTQ3NDNlZThiMWM2ZmMzMGVmOGY0ZjYiLCJ1c2VyX2lkIjoxfQ.xqxJs5PkmfJ4p6kbnnQ4MBZNqxOlzKKJ2tTq_Z2PLJU','2022-10-13 16:40:35.599066','2022-11-12 16:40:35.000000',1,'cb7fb85f714743ee8b1c6fc30ef8f4f6'),
(186,'eyJhbGciOiJIUzI1NiIsInR5cCI6IkpXVCJ9.eyJ0b2tlbl90eXBlIjoicmVmcmVzaCIsImV4cCI6MTY2ODI3MTIzNSwianRpIjoiNWQ1NDljNGM2NmQwNDUwOWFmZWI5NjMzM2JmOTVjN2QiLCJ1c2VyX2lkIjoxfQ.JqkBiPM5n8-dKTc2NBYPwQ921nDE1gsaw_Q7jwDw-YA','2022-10-13 16:40:35.966283','2022-11-12 16:40:35.000000',1,'5d549c4c66d04509afeb96333bf95c7d'),
(187,'eyJhbGciOiJIUzI1NiIsInR5cCI6IkpXVCJ9.eyJ0b2tlbl90eXBlIjoicmVmcmVzaCIsImV4cCI6MTY2ODI3MTIzNiwianRpIjoiMmU1NzEwMTYxOTQ1NDU1YzkyYjcyZDE2MjljYjMxZjAiLCJ1c2VyX2lkIjoxfQ.z0dsA9It8k-ZSAh_sGjjyK58a-hdSXalXGqTxQQTB2U','2022-10-13 16:40:36.329137','2022-11-12 16:40:36.000000',1,'2e5710161945455c92b72d1629cb31f0'),
(188,'eyJhbGciOiJIUzI1NiIsInR5cCI6IkpXVCJ9.eyJ0b2tlbl90eXBlIjoicmVmcmVzaCIsImV4cCI6MTY2ODI3MTIzNiwianRpIjoiNzRkZjYzOGIwYjZjNDEzZmFiYTE2YzMwNDkyNDA1OWIiLCJ1c2VyX2lkIjoxfQ.bmyTZ-E6ruTtiYMT7Ch3bZhDMwCLBu3oeb5o9m7C4GU','2022-10-13 16:40:36.674342','2022-11-12 16:40:36.000000',1,'74df638b0b6c413faba16c304924059b'),
(189,'eyJhbGciOiJIUzI1NiIsInR5cCI6IkpXVCJ9.eyJ0b2tlbl90eXBlIjoicmVmcmVzaCIsImV4cCI6MTY2ODI3MTIzNywianRpIjoiMDhmZjJjNGViNWUyNGYwOWI4NmViZjgzZjVjYzExZWIiLCJ1c2VyX2lkIjoxfQ.FrjJnqGLfJSSkgwjZuC16WlCa_tHGTixSGQhQv_52Pg','2022-10-13 16:40:37.011626','2022-11-12 16:40:37.000000',1,'08ff2c4eb5e24f09b86ebf83f5cc11eb'),
(190,'eyJhbGciOiJIUzI1NiIsInR5cCI6IkpXVCJ9.eyJ0b2tlbl90eXBlIjoicmVmcmVzaCIsImV4cCI6MTY2ODI3MTIzNywianRpIjoiMDIyZjY4OTlhYjRlNDg2MzhhNTc3NGY1MDU0NDZiZTQiLCJ1c2VyX2lkIjoxfQ.ZCFUg61Q7xovLBHK63K4VnDKmy6_tH2pJLeXmfze_rs','2022-10-13 16:40:37.302860','2022-11-12 16:40:37.000000',1,'022f6899ab4e48638a5774f505446be4'),
(191,'eyJhbGciOiJIUzI1NiIsInR5cCI6IkpXVCJ9.eyJ0b2tlbl90eXBlIjoicmVmcmVzaCIsImV4cCI6MTY2ODI3MTIzNywianRpIjoiOTFlNTIxMjk2ZmQ0NGNjMmJlMzA5NTU0NzFiMDg2YWYiLCJ1c2VyX2lkIjoxfQ.R1cgTSzj7KEp9JmETQIGpzScXvftptgVNxu5HlHI1lU','2022-10-13 16:40:37.627709','2022-11-12 16:40:37.000000',1,'91e521296fd44cc2be30955471b086af'),
(192,'eyJhbGciOiJIUzI1NiIsInR5cCI6IkpXVCJ9.eyJ0b2tlbl90eXBlIjoicmVmcmVzaCIsImV4cCI6MTY2ODI3MTIzNywianRpIjoiNmViZjJkNDMwM2Y4NGRhZjk1N2Y5YjAwNDY4NjRjY2MiLCJ1c2VyX2lkIjoxfQ.4E0oEVKC7vTdfEGz8QpJoCtg5k20CCs-__edbNs9dUY','2022-10-13 16:40:37.936670','2022-11-12 16:40:37.000000',1,'6ebf2d4303f84daf957f9b0046864ccc'),
(193,'eyJhbGciOiJIUzI1NiIsInR5cCI6IkpXVCJ9.eyJ0b2tlbl90eXBlIjoicmVmcmVzaCIsImV4cCI6MTY2ODI3MTIzOCwianRpIjoiY2Y4YzEzNjdhMzNiNDM0NTkxM2YwMzBjNmIxZGNhYjAiLCJ1c2VyX2lkIjoxfQ.OKhJ-QUqtW3ndvHBatxEGkVMsn2fYY1fWFlR7IvNI8c','2022-10-13 16:40:38.248950','2022-11-12 16:40:38.000000',1,'cf8c1367a33b4345913f030c6b1dcab0'),
(194,'eyJhbGciOiJIUzI1NiIsInR5cCI6IkpXVCJ9.eyJ0b2tlbl90eXBlIjoicmVmcmVzaCIsImV4cCI6MTY2ODI3MTIzOCwianRpIjoiNmJhMWRiNDVhMGIwNDEyMDkwNDNmZjdjZDA5YjJlOWEiLCJ1c2VyX2lkIjoxfQ.UrISRHMS12v7XS2jTtX06spZPby4PE73z9P8_U5G0yg','2022-10-13 16:40:38.619965','2022-11-12 16:40:38.000000',1,'6ba1db45a0b041209043ff7cd09b2e9a'),
(195,'eyJhbGciOiJIUzI1NiIsInR5cCI6IkpXVCJ9.eyJ0b2tlbl90eXBlIjoicmVmcmVzaCIsImV4cCI6MTY2ODI3MTIzOSwianRpIjoiZTQ0NzRiMDZlMmJhNGE4ZmE3Y2I3MWY5NGQ0YWM0ZDMiLCJ1c2VyX2lkIjoxfQ.Og8TcnC2CZE-TAJb2Tiitf-J9z7tyzZ6ff79lW4Navk','2022-10-13 16:40:39.039773','2022-11-12 16:40:39.000000',1,'e4474b06e2ba4a8fa7cb71f94d4ac4d3'),
(196,'eyJhbGciOiJIUzI1NiIsInR5cCI6IkpXVCJ9.eyJ0b2tlbl90eXBlIjoicmVmcmVzaCIsImV4cCI6MTY2ODI3MTIzOSwianRpIjoiZjI1OGIyNWIwNGJmNDJhYTg5NmUxOTYwZTdlZThlNjUiLCJ1c2VyX2lkIjoxfQ.T011GEZctmc8sWmmntV0OKGy2_O1o360_S-nXu3uj6g','2022-10-13 16:40:39.345455','2022-11-12 16:40:39.000000',1,'f258b25b04bf42aa896e1960e7ee8e65'),
(197,'eyJhbGciOiJIUzI1NiIsInR5cCI6IkpXVCJ9.eyJ0b2tlbl90eXBlIjoicmVmcmVzaCIsImV4cCI6MTY2ODI3MTIzOSwianRpIjoiZDgwNTM0YjQ4MmQ0NDA3NTgyNTFkZGVmNjMxNzUyYTEiLCJ1c2VyX2lkIjoxfQ.aiRN59RG6JFyUq87VgSJkSEsbKxMWXZo-bPowcZxr-k','2022-10-13 16:40:39.704756','2022-11-12 16:40:39.000000',1,'d80534b482d440758251ddef631752a1'),
(198,'eyJhbGciOiJIUzI1NiIsInR5cCI6IkpXVCJ9.eyJ0b2tlbl90eXBlIjoicmVmcmVzaCIsImV4cCI6MTY2ODI3MTI0MiwianRpIjoiYzZlMTdjZDgxOTI0NDIxMGFmYTU4NWJmMzU0ZjI1MzEiLCJ1c2VyX2lkIjoxfQ.Z8FayQutsCAt-xivnvnzp1xAcox5GYOGctB5xI1fy80','2022-10-13 16:40:42.041735','2022-11-12 16:40:42.000000',1,'c6e17cd819244210afa585bf354f2531'),
(199,'eyJhbGciOiJIUzI1NiIsInR5cCI6IkpXVCJ9.eyJ0b2tlbl90eXBlIjoicmVmcmVzaCIsImV4cCI6MTY2ODI3MTI0MiwianRpIjoiYjBiNGFjYTA1YmM2NDdjZDgzMTFlNmI5MGM2NWJmYzciLCJ1c2VyX2lkIjoxfQ.uR52db1EOjOKcvOqTQmFTKsOR7b5vv34B2u8Aus2Mlo','2022-10-13 16:40:42.338396','2022-11-12 16:40:42.000000',1,'b0b4aca05bc647cd8311e6b90c65bfc7'),
(200,'eyJhbGciOiJIUzI1NiIsInR5cCI6IkpXVCJ9.eyJ0b2tlbl90eXBlIjoicmVmcmVzaCIsImV4cCI6MTY2ODI3MTI0MiwianRpIjoiYTQ4NDNmMTMyZjU3NGQwOTg1ZTQxZDkyMTA4ODViZmIiLCJ1c2VyX2lkIjoxfQ.sEEdj1iD86lTJ4MoBvQ75PFSQN1VAwlxHpiOIZNJeyo','2022-10-13 16:40:42.693133','2022-11-12 16:40:42.000000',1,'a4843f132f574d0985e41d9210885bfb'),
(201,'eyJhbGciOiJIUzI1NiIsInR5cCI6IkpXVCJ9.eyJ0b2tlbl90eXBlIjoicmVmcmVzaCIsImV4cCI6MTY2ODI3MTI0MywianRpIjoiNmM2NDliZjM0MDI1NGQ0OGI1ZDk5ODU1NTgxODhlZDkiLCJ1c2VyX2lkIjoxfQ.AKOR6DOKGv9U-_i0eMCFpghYySCdO2jges_87viU5o8','2022-10-13 16:40:43.091250','2022-11-12 16:40:43.000000',1,'6c649bf340254d48b5d9985558188ed9'),
(202,'eyJhbGciOiJIUzI1NiIsInR5cCI6IkpXVCJ9.eyJ0b2tlbl90eXBlIjoicmVmcmVzaCIsImV4cCI6MTY2ODI3MTI0MywianRpIjoiMjgyNmFlNDIxNTQxNGQwZThlMTQ1MGJiYWViMGYyMDUiLCJ1c2VyX2lkIjoxfQ.7EcmHwvyUqTS5OUmKFsYraHnR6v94cOmn7GLOyO9Ut0','2022-10-13 16:40:43.821122','2022-11-12 16:40:43.000000',1,'2826ae4215414d0e8e1450bbaeb0f205'),
(203,'eyJhbGciOiJIUzI1NiIsInR5cCI6IkpXVCJ9.eyJ0b2tlbl90eXBlIjoicmVmcmVzaCIsImV4cCI6MTY2ODI3MTI0NCwianRpIjoiMDNhYTZlOTMyZTdlNDBiYzljYmM0YWNjYjhjZjczMjgiLCJ1c2VyX2lkIjoxfQ.FAz21hvmvio7XEFMYU46iEL3l_Fw5aA80imc1B9UoQ8','2022-10-13 16:40:44.262836','2022-11-12 16:40:44.000000',1,'03aa6e932e7e40bc9cbc4accb8cf7328'),
(204,'eyJhbGciOiJIUzI1NiIsInR5cCI6IkpXVCJ9.eyJ0b2tlbl90eXBlIjoicmVmcmVzaCIsImV4cCI6MTY2ODI3MTI0NCwianRpIjoiM2ZlYzQyNzFmYzA1NGZiMGFjNWU3YzkwMTMwNjA1ZDYiLCJ1c2VyX2lkIjoxfQ.BrIbE8FV5ChroffFPRBjTfQWp2fbARMKbUJ-XTa25FE','2022-10-13 16:40:44.601833','2022-11-12 16:40:44.000000',1,'3fec4271fc054fb0ac5e7c90130605d6'),
(205,'eyJhbGciOiJIUzI1NiIsInR5cCI6IkpXVCJ9.eyJ0b2tlbl90eXBlIjoicmVmcmVzaCIsImV4cCI6MTY2ODI3MTI0NSwianRpIjoiNDIzMTcxNjAxMTVhNDRjMmE4ZWNlYmFiMGFiNjNiZGMiLCJ1c2VyX2lkIjoxfQ.DN7bM54AwJuzMjlApMzgqCpuv4ZMJAUv5i19El09vV4','2022-10-13 16:40:45.287457','2022-11-12 16:40:45.000000',1,'42317160115a44c2a8ecebab0ab63bdc'),
(206,'eyJhbGciOiJIUzI1NiIsInR5cCI6IkpXVCJ9.eyJ0b2tlbl90eXBlIjoicmVmcmVzaCIsImV4cCI6MTY2ODQwNjE2MSwianRpIjoiNTczOWFlZTMwNzM5NDA2ZGFlODI1YzdmOTZhNTE2ZDkiLCJ1c2VyX2lkIjoxfQ.TkFjefuJeShwfHWz-hwRCMRikeLclUWmEdMar8--ELU','2022-10-15 06:09:21.522684','2022-11-14 06:09:21.000000',1,'5739aee30739406dae825c7f96a516d9'),
(207,'eyJhbGciOiJIUzI1NiIsInR5cCI6IkpXVCJ9.eyJ0b2tlbl90eXBlIjoicmVmcmVzaCIsImV4cCI6MTY2ODQwNjI0NSwianRpIjoiNDc1NWNjZTRlZjJhNDUyZmEzODg1YWIwYmVkMGY2OTAiLCJ1c2VyX2lkIjoxfQ.xvuxrYmDmWi0_RVmDQDsB8Tjsh64wG_9OytqRboK0Tg','2022-10-15 06:10:45.492633','2022-11-14 06:10:45.000000',1,'4755cce4ef2a452fa3885ab0bed0f690'),
(208,'eyJhbGciOiJIUzI1NiIsInR5cCI6IkpXVCJ9.eyJ0b2tlbl90eXBlIjoicmVmcmVzaCIsImV4cCI6MTY2ODQwNjM4MCwianRpIjoiYTk3OTZhZjNjZDk2NDYyN2JhOGE1ZWQxZDk3MTlkNDYiLCJ1c2VyX2lkIjoxfQ.5tWLPtpNvkLVXiGcKeIwWbc9QdQLPGrv8eqst8S8GO8','2022-10-15 06:13:00.322761','2022-11-14 06:13:00.000000',1,'a9796af3cd964627ba8a5ed1d9719d46'),
(209,'eyJhbGciOiJIUzI1NiIsInR5cCI6IkpXVCJ9.eyJ0b2tlbl90eXBlIjoicmVmcmVzaCIsImV4cCI6MTY2ODQwNjY4NSwianRpIjoiOTU3NzJlZGZjYmY5NGY0Nzk4ZTA4Mjk1NzliZDZlNjMiLCJ1c2VyX2lkIjoxfQ.ZIKlFxzb37QYjs9lgz7CuPLLTWx4NuA7vUmSqAEXRyI','2022-10-15 06:18:05.583251','2022-11-14 06:18:05.000000',1,'95772edfcbf94f4798e0829579bd6e63'),
(210,'eyJhbGciOiJIUzI1NiIsInR5cCI6IkpXVCJ9.eyJ0b2tlbl90eXBlIjoicmVmcmVzaCIsImV4cCI6MTY2ODQwNjc0MywianRpIjoiZjIwNjUxYjMwZjRkNDc2ZWEyMDAwNGVmMjBmYTM1NTgiLCJ1c2VyX2lkIjoxfQ.wkQpIdkdmA_CLAWHTogGcUunRHsTTGK7R3Mi44Quod8','2022-10-15 06:19:03.065386','2022-11-14 06:19:03.000000',1,'f20651b30f4d476ea20004ef20fa3558'),
(211,'eyJhbGciOiJIUzI1NiIsInR5cCI6IkpXVCJ9.eyJ0b2tlbl90eXBlIjoicmVmcmVzaCIsImV4cCI6MTY2ODQwNjg0MywianRpIjoiZDE4ZThiMDM5NWM5NGE2MWI0M2IwYmZlMThhNmMxNGUiLCJ1c2VyX2lkIjoxfQ.mpA3gb6cLlBwdlqDnvShA8GGGoX1HRpjRK5zemW81DM','2022-10-15 06:20:43.631428','2022-11-14 06:20:43.000000',1,'d18e8b0395c94a61b43b0bfe18a6c14e'),
(212,'eyJhbGciOiJIUzI1NiIsInR5cCI6IkpXVCJ9.eyJ0b2tlbl90eXBlIjoicmVmcmVzaCIsImV4cCI6MTY2ODQwNjg1NCwianRpIjoiMzRiN2JkNmYzMjAxNDMxZjhkYzNlZjEyODMzNTliMDIiLCJ1c2VyX2lkIjoxfQ.pcwIdaEa_UGCLw-rc5tYvnwndIt5HTG5EnkmVJDItV4','2022-10-15 06:20:54.252575','2022-11-14 06:20:54.000000',1,'34b7bd6f3201431f8dc3ef1283359b02'),
(213,'eyJhbGciOiJIUzI1NiIsInR5cCI6IkpXVCJ9.eyJ0b2tlbl90eXBlIjoicmVmcmVzaCIsImV4cCI6MTY2ODQwNzA0MSwianRpIjoiNjAzZGQzZmUzMjIyNDZiYmI4NmY1ZGQ0NjM3MDkxNDMiLCJ1c2VyX2lkIjoxfQ.yyf_1zGjzdn7p_M7keJpO9Lpl9E_Ey8Tz6BF8zto_f0','2022-10-15 06:24:01.221202','2022-11-14 06:24:01.000000',1,'603dd3fe322246bbb86f5dd463709143'),
(214,'eyJhbGciOiJIUzI1NiIsInR5cCI6IkpXVCJ9.eyJ0b2tlbl90eXBlIjoicmVmcmVzaCIsImV4cCI6MTY2ODQyOTI5NywianRpIjoiMWFhMGRmYjE3M2ZhNDQ3NWI1MWNkZjc2YTI0NWUwOGQiLCJ1c2VyX2lkIjoxfQ.6YHlgezZxq35xLhZZn32U0dN1qaDJ8qPTuVQ-fFuqbw','2022-10-15 12:34:57.033555','2022-11-14 12:34:57.000000',1,'1aa0dfb173fa4475b51cdf76a245e08d'),
(215,'eyJhbGciOiJIUzI1NiIsInR5cCI6IkpXVCJ9.eyJ0b2tlbl90eXBlIjoicmVmcmVzaCIsImV4cCI6MTY2ODQyOTQ4MywianRpIjoiODQ1M2YyMjE4ODZlNDJlNmIyNTFkZGVjZjRhNzMwZGIiLCJ1c2VyX2lkIjoxfQ.s5DxVBjVtaJtyYeoV0SH9rfb6PoqNhRxjs9fy2p5kyg','2022-10-15 12:38:03.620039','2022-11-14 12:38:03.000000',1,'8453f221886e42e6b251ddecf4a730db'),
(216,'eyJhbGciOiJIUzI1NiIsInR5cCI6IkpXVCJ9.eyJ0b2tlbl90eXBlIjoicmVmcmVzaCIsImV4cCI6MTY2ODQzMDU3NiwianRpIjoiMDYyNTgyMjdiOTc3NGM2NGJkNWNkZDBkY2E0ZWIxM2QiLCJ1c2VyX2lkIjoxfQ.s8brITyB_1eyBKspLub3k6kiqi_cSBzPOwO9bIloDeo','2022-10-15 12:56:16.859559','2022-11-14 12:56:16.000000',1,'06258227b9774c64bd5cdd0dca4eb13d'),
(217,'eyJhbGciOiJIUzI1NiIsInR5cCI6IkpXVCJ9.eyJ0b2tlbl90eXBlIjoicmVmcmVzaCIsImV4cCI6MTY2ODQzMDgzNCwianRpIjoiNTJiNDdkNmYzOGU2NDc2YmJiNTZjNjAwYzhkZTAyMTYiLCJ1c2VyX2lkIjoxfQ.tCOEH8UqFiNl-UIG50OkmfsGOm_ZKDXfUbisWzONrsY','2022-10-15 13:00:34.320940','2022-11-14 13:00:34.000000',1,'52b47d6f38e6476bbb56c600c8de0216'),
(218,'eyJhbGciOiJIUzI1NiIsInR5cCI6IkpXVCJ9.eyJ0b2tlbl90eXBlIjoicmVmcmVzaCIsImV4cCI6MTY2ODQzMDgzNywianRpIjoiYmMzYmJiZGM2MDRiNDQ4MzhlOTU4Njc2YzBmMDk5ODYiLCJ1c2VyX2lkIjoxfQ.WhoeLeaV_XQaMuLi8QWKFb-8e6mSjbCeWQ4Hz3Q5H9Q','2022-10-15 13:00:37.542188','2022-11-14 13:00:37.000000',1,'bc3bbbdc604b44838e958676c0f09986'),
(219,'eyJhbGciOiJIUzI1NiIsInR5cCI6IkpXVCJ9.eyJ0b2tlbl90eXBlIjoicmVmcmVzaCIsImV4cCI6MTY2ODQzMzA4MSwianRpIjoiYmQ5ODk2NDY0ZGQxNDY2MGIxMjU3N2RjODYwMjI3NDkiLCJ1c2VyX2lkIjoxfQ.qEYpYufjUl8WxTc8C5QHcf0E22N52wSAC_-24yz869g','2022-10-15 13:38:01.426492','2022-11-14 13:38:01.000000',1,'bd9896464dd14660b12577dc86022749'),
(220,'eyJhbGciOiJIUzI1NiIsInR5cCI6IkpXVCJ9.eyJ0b2tlbl90eXBlIjoicmVmcmVzaCIsImV4cCI6MTY2ODQzMzEwNiwianRpIjoiZjA3MTc2YjhkOWMwNDUxOWEyMzI1MjJjMWYxNDY3MTgiLCJ1c2VyX2lkIjoxfQ.TpA9op-eVGtZpyhi_kb7WWUnoZvEWVMgZthugAJwsP0','2022-10-15 13:38:26.204349','2022-11-14 13:38:26.000000',1,'f07176b8d9c04519a232522c1f146718'),
(221,'eyJhbGciOiJIUzI1NiIsInR5cCI6IkpXVCJ9.eyJ0b2tlbl90eXBlIjoicmVmcmVzaCIsImV4cCI6MTY2ODQzMzIzOSwianRpIjoiN2MwNjcyOTFjYjI1NGI5MzlkZjEwNDZhNDIwOGI3MTIiLCJ1c2VyX2lkIjoxfQ.8qq1HGcOuKwxrgP4ptKoREXyOgtD-BGg0iquR441FAs','2022-10-15 13:40:39.285344','2022-11-14 13:40:39.000000',1,'7c067291cb254b939df1046a4208b712'),
(222,'eyJhbGciOiJIUzI1NiIsInR5cCI6IkpXVCJ9.eyJ0b2tlbl90eXBlIjoicmVmcmVzaCIsImV4cCI6MTY2ODQzMzQzNywianRpIjoiNTUyNDljMmY3MzQ2NDk2YmE3MmFmZTMzMzk5ZjRlZjgiLCJ1c2VyX2lkIjoxfQ.4v3XfglGxSkwkhqbvJFjPNX9cgPHZKTfa12IrO9pKYk','2022-10-15 13:43:57.243550','2022-11-14 13:43:57.000000',1,'55249c2f7346496ba72afe33399f4ef8'),
(223,'eyJhbGciOiJIUzI1NiIsInR5cCI6IkpXVCJ9.eyJ0b2tlbl90eXBlIjoicmVmcmVzaCIsImV4cCI6MTY2ODQzMzQ0MCwianRpIjoiY2IwMTY2MjMwNzRmNDcyY2FkMGQ0MDQ3OGQ3ODIxMmYiLCJ1c2VyX2lkIjoxfQ.gnPMSc_h6dTkUqzHrr9QqXKROQeTTNv0mgtSV-MBdxY','2022-10-15 13:44:00.512022','2022-11-14 13:44:00.000000',1,'cb016623074f472cad0d40478d78212f'),
(224,'eyJhbGciOiJIUzI1NiIsInR5cCI6IkpXVCJ9.eyJ0b2tlbl90eXBlIjoicmVmcmVzaCIsImV4cCI6MTY2ODQzMzQ0MiwianRpIjoiNDJkNTA0ZGJiNGZhNGU1OGEyNDI2MzEzYjlhNTM2NDgiLCJ1c2VyX2lkIjoxfQ.3LoRJvUTjYd4eVpBZCtGdsXXhRn6UYQUdxPk-wkc99s','2022-10-15 13:44:02.086373','2022-11-14 13:44:02.000000',1,'42d504dbb4fa4e58a2426313b9a53648'),
(225,'eyJhbGciOiJIUzI1NiIsInR5cCI6IkpXVCJ9.eyJ0b2tlbl90eXBlIjoicmVmcmVzaCIsImV4cCI6MTY2ODQzMzQ2NSwianRpIjoiNmE1MmI1MDQxYTI4NDY5ZjhmYmRmMjIxOWJjOWNjZTYiLCJ1c2VyX2lkIjoxfQ.oFoNnVxjEi8HrOkWusHexl1PYgxjjaaI_yL9fKG85J0','2022-10-15 13:44:25.689315','2022-11-14 13:44:25.000000',1,'6a52b5041a28469f8fbdf2219bc9cce6'),
(226,'eyJhbGciOiJIUzI1NiIsInR5cCI6IkpXVCJ9.eyJ0b2tlbl90eXBlIjoicmVmcmVzaCIsImV4cCI6MTY2ODQzMzY5MywianRpIjoiYmMxNmZiYTI4MDdhNDI5MGFkMGQwYmY3NGFjNGUzNmMiLCJ1c2VyX2lkIjoxfQ.EQTsycB5sYAICcgghhYnMZQFTj5mkYJdMiRT6EZEKSo','2022-10-15 13:48:13.717854','2022-11-14 13:48:13.000000',1,'bc16fba2807a4290ad0d0bf74ac4e36c'),
(227,'eyJhbGciOiJIUzI1NiIsInR5cCI6IkpXVCJ9.eyJ0b2tlbl90eXBlIjoicmVmcmVzaCIsImV4cCI6MTY2ODQzOTE2OSwianRpIjoiNGE2YWEyNWZiMzU4NGI2NWJkOGIwY2MzMjBlZThjMTAiLCJ1c2VyX2lkIjoxfQ.4hXutrPwSTNUJ5BTEdGxaHhASN1Qu0b1zp6T--zfSns','2022-10-15 15:19:29.843231','2022-11-14 15:19:29.000000',1,'4a6aa25fb3584b65bd8b0cc320ee8c10'),
(228,'eyJhbGciOiJIUzI1NiIsInR5cCI6IkpXVCJ9.eyJ0b2tlbl90eXBlIjoicmVmcmVzaCIsImV4cCI6MTY2ODQ0MDM1MywianRpIjoiN2ZmNDY5ZjlkZjJjNGM3NDlhZDJkZTVlYjEyZDQ1NWUiLCJ1c2VyX2lkIjoxfQ.8H1In6ioRInZn0-mQYFq3yMyCSf4UgdpIyH9q2iUG0c','2022-10-15 15:39:13.945170','2022-11-14 15:39:13.000000',1,'7ff469f9df2c4c749ad2de5eb12d455e'),
(229,'eyJhbGciOiJIUzI1NiIsInR5cCI6IkpXVCJ9.eyJ0b2tlbl90eXBlIjoicmVmcmVzaCIsImV4cCI6MTY2ODQ0MDM2MCwianRpIjoiMGUzOTY2ZTI3ODZkNDkzODhkYzAyOTg4MDZkMGY3MTMiLCJ1c2VyX2lkIjoxfQ.-KzVmx2JFN2AYNkcKKvgtcu13geJ9o9AmLoFoBKsGso','2022-10-15 15:39:20.178747','2022-11-14 15:39:20.000000',1,'0e3966e2786d49388dc0298806d0f713'),
(230,'eyJhbGciOiJIUzI1NiIsInR5cCI6IkpXVCJ9.eyJ0b2tlbl90eXBlIjoicmVmcmVzaCIsImV4cCI6MTY2ODQ0MTA4MywianRpIjoiYTE2MmFjY2I0Y2U3NGRiMzhlZTM4MjJiMWFlYzEyOTUiLCJ1c2VyX2lkIjoxfQ._ZKbcoL_UikKj3uRSpCYjOJ9rSQ6lH1-AZfF5FBVdcE','2022-10-15 15:51:23.232815','2022-11-14 15:51:23.000000',1,'a162accb4ce74db38ee3822b1aec1295'),
(231,'eyJhbGciOiJIUzI1NiIsInR5cCI6IkpXVCJ9.eyJ0b2tlbl90eXBlIjoicmVmcmVzaCIsImV4cCI6MTY2ODQ0MTkzMiwianRpIjoiOGVlMTgyNGRkZmEyNDdlY2E4YTlmZDQyOWM5OWQ5OTMiLCJ1c2VyX2lkIjoxfQ.hNiiAXsCNRiiXkUqyHVeD0uxYULIcUyDVu2KpI_htTE','2022-10-15 16:05:32.734184','2022-11-14 16:05:32.000000',1,'8ee1824ddfa247eca8a9fd429c99d993'),
(232,'eyJhbGciOiJIUzI1NiIsInR5cCI6IkpXVCJ9.eyJ0b2tlbl90eXBlIjoicmVmcmVzaCIsImV4cCI6MTY2ODQ0MjU4MywianRpIjoiOTVkZWE1NDNmZGEwNGMzM2JiZTRhYmMwZWZhNTNkMzgiLCJ1c2VyX2lkIjoxfQ.UdaiLsHPEnP9grIn_ETMdV1-5yC5oh1z2dgGCI2_pNU','2022-10-15 16:16:23.319951','2022-11-14 16:16:23.000000',1,'95dea543fda04c33bbe4abc0efa53d38'),
(233,'eyJhbGciOiJIUzI1NiIsInR5cCI6IkpXVCJ9.eyJ0b2tlbl90eXBlIjoicmVmcmVzaCIsImV4cCI6MTY2ODQ0Mjg1NiwianRpIjoiYmE3NTVkZjI2ZDRmNDgwOWJiNDE0NWNmY2Y1Zjg5ZDAiLCJ1c2VyX2lkIjoxfQ.2cqJacCZheoITJmv8-LAJdwJ1U1W3Irbl_w6ZxImxxE','2022-10-15 16:20:56.599653','2022-11-14 16:20:56.000000',1,'ba755df26d4f4809bb4145cfcf5f89d0'),
(234,'eyJhbGciOiJIUzI1NiIsInR5cCI6IkpXVCJ9.eyJ0b2tlbl90eXBlIjoicmVmcmVzaCIsImV4cCI6MTY2ODQ0MzE1NywianRpIjoiZjAyZWY5NDkwZDA1NDlkZmI3MmY3MDMxMjI1ZjQ5Y2YiLCJ1c2VyX2lkIjoxfQ.QNmd9iHP-LW1Co-uFP8uskRpx7pZYuitkSRcZ4k5T64','2022-10-15 16:25:57.432079','2022-11-14 16:25:57.000000',1,'f02ef9490d0549dfb72f7031225f49cf'),
(235,'eyJhbGciOiJIUzI1NiIsInR5cCI6IkpXVCJ9.eyJ0b2tlbl90eXBlIjoicmVmcmVzaCIsImV4cCI6MTY2ODQ0MzM3NCwianRpIjoiYThmYzM1OWY4ZWJhNGU3MWJlNjk1NDdjMDUwMmMxODkiLCJ1c2VyX2lkIjoxfQ.10RrZNhKLZZnJiJVhWBIqwNvd0RNPZ3_XEDGOJvWifs','2022-10-15 16:29:34.963834','2022-11-14 16:29:34.000000',1,'a8fc359f8eba4e71be69547c0502c189'),
(236,'eyJhbGciOiJIUzI1NiIsInR5cCI6IkpXVCJ9.eyJ0b2tlbl90eXBlIjoicmVmcmVzaCIsImV4cCI6MTY2ODQ0ODA4MywianRpIjoiNTc4MDMzOTU0Nzk2NDQ4NWE2ZWYxZGNlOTlkY2Q4YTUiLCJ1c2VyX2lkIjoxfQ.rZkhadgnBUEI_WtdOUImPz6Dad9D3vN2mjuVBPcUBkg','2022-10-15 17:48:03.787999','2022-11-14 17:48:03.000000',1,'5780339547964485a6ef1dce99dcd8a5'),
(237,'eyJhbGciOiJIUzI1NiIsInR5cCI6IkpXVCJ9.eyJ0b2tlbl90eXBlIjoicmVmcmVzaCIsImV4cCI6MTY2ODQ0ODE2NCwianRpIjoiNjZjYzY4M2E3MjA0NDI3NjkzNDM4NjY0M2Y5NzBkNmIiLCJ1c2VyX2lkIjoxfQ.mb0H8pQ0xj47eN0F4jOYktEtBX_KTnCdOU6_zu3boEU','2022-10-15 17:49:24.957884','2022-11-14 17:49:24.000000',1,'66cc683a72044276934386643f970d6b'),
(238,'eyJhbGciOiJIUzI1NiIsInR5cCI6IkpXVCJ9.eyJ0b2tlbl90eXBlIjoicmVmcmVzaCIsImV4cCI6MTY2ODQ0ODU0NywianRpIjoiZWQxNmFlNDRjZjNkNGQxMGIzMjZmZmYxZDg0ZmYyM2MiLCJ1c2VyX2lkIjoxfQ.XJkzzGei_gm7P5GEie9l-nRx5Rh6dWnS5X2VnCCBT8E','2022-10-15 17:55:47.678000','2022-11-14 17:55:47.000000',1,'ed16ae44cf3d4d10b326fff1d84ff23c'),
(239,'eyJhbGciOiJIUzI1NiIsInR5cCI6IkpXVCJ9.eyJ0b2tlbl90eXBlIjoicmVmcmVzaCIsImV4cCI6MTY2ODQ0ODY2OSwianRpIjoiYWU2ZGZmZThjNGE3NGI4Y2E1OTI4NzhhNTEwZDY2NzYiLCJ1c2VyX2lkIjoxfQ.jhcEdGRTkjUzHY49e9cA8mMz-wVkeXfMLBYmEJzNR9c','2022-10-15 17:57:49.767358','2022-11-14 17:57:49.000000',1,'ae6dffe8c4a74b8ca592878a510d6676'),
(240,'eyJhbGciOiJIUzI1NiIsInR5cCI6IkpXVCJ9.eyJ0b2tlbl90eXBlIjoicmVmcmVzaCIsImV4cCI6MTY2ODQ1MTI2NywianRpIjoiNzRlZTE2ZmFmNjMxNDU2MTkzZDk4ZWZlMGUxM2MwYTYiLCJ1c2VyX2lkIjoxfQ.TDubycRIRQtUMet88b9OeeXu5P6lq3u5n8g0E2LNQCA','2022-10-15 18:41:07.292536','2022-11-14 18:41:07.000000',1,'74ee16faf631456193d98efe0e13c0a6'),
(241,'eyJhbGciOiJIUzI1NiIsInR5cCI6IkpXVCJ9.eyJ0b2tlbl90eXBlIjoicmVmcmVzaCIsImV4cCI6MTY2ODQ1MTMzOCwianRpIjoiZDZmMzQ3NjExZTUxNGI4MzkzZTRmM2M0M2MxZDIzYTUiLCJ1c2VyX2lkIjoxfQ.urGMTTeHypYckG-acOlYpvWwwwIBFjRctuzO7Dk42_w','2022-10-15 18:42:18.276535','2022-11-14 18:42:18.000000',1,'d6f347611e514b8393e4f3c43c1d23a5'),
(242,'eyJhbGciOiJIUzI1NiIsInR5cCI6IkpXVCJ9.eyJ0b2tlbl90eXBlIjoicmVmcmVzaCIsImV4cCI6MTY2ODQ1MTU1NiwianRpIjoiMjMxM2NmNGEwMjAxNDhiZGIzMGMzMWYzN2QxNDcxYzUiLCJ1c2VyX2lkIjoxfQ.DddxPbaVxUAgY9CE7B5mlEzunMfcxzr4pTUVR6weDJ0','2022-10-15 18:45:56.722241','2022-11-14 18:45:56.000000',1,'2313cf4a020148bdb30c31f37d1471c5'),
(243,'eyJhbGciOiJIUzI1NiIsInR5cCI6IkpXVCJ9.eyJ0b2tlbl90eXBlIjoicmVmcmVzaCIsImV4cCI6MTY2ODQ1MTc3NCwianRpIjoiOGIzOTZlNzk4Y2Q0NGNkMmFhZmExZWIyNWUyZTZiNzQiLCJ1c2VyX2lkIjoxfQ.cmuoWEYIzSPwAAlQPR4G02BoJSwPsjuYe89CrRPRlKc','2022-10-15 18:49:34.212021','2022-11-14 18:49:34.000000',1,'8b396e798cd44cd2aafa1eb25e2e6b74'),
(244,'eyJhbGciOiJIUzI1NiIsInR5cCI6IkpXVCJ9.eyJ0b2tlbl90eXBlIjoicmVmcmVzaCIsImV4cCI6MTY2ODQ1MzEzMCwianRpIjoiODBiMzk2ZGUzM2U0NGI4YmI4NmQ1N2M1NTZiY2IxNDciLCJ1c2VyX2lkIjoxfQ.J5aY-ZkP1wraLPolpb84sKxH3FFiAxyhay6Xj3IWaDI','2022-10-15 19:12:10.501574','2022-11-14 19:12:10.000000',1,'80b396de33e44b8bb86d57c556bcb147'),
(245,'eyJhbGciOiJIUzI1NiIsInR5cCI6IkpXVCJ9.eyJ0b2tlbl90eXBlIjoicmVmcmVzaCIsImV4cCI6MTY2ODQ1MzIzMCwianRpIjoiODM0MWQ2N2ZlMWM4NDc4ZThlNDg3NGQ5ZWNlM2IxMjIiLCJ1c2VyX2lkIjoxfQ.jdd9UYmVsQ9xxFqFQP54DYIgkXsqJyERhBW6AhRIQKU','2022-10-15 19:13:50.540486','2022-11-14 19:13:50.000000',1,'8341d67fe1c8478e8e4874d9ece3b122'),
(246,'eyJhbGciOiJIUzI1NiIsInR5cCI6IkpXVCJ9.eyJ0b2tlbl90eXBlIjoicmVmcmVzaCIsImV4cCI6MTY2ODQ1MzIzMCwianRpIjoiNmQyYzQyNWVlMzkwNDFhMTkxMTk2NDk1ODdhYzYwNzMiLCJ1c2VyX2lkIjoxfQ.1eE8dgietPMDln3OJYQGpfOxcpujFXrKYczBOc6Hzy8','2022-10-15 19:13:50.772084','2022-11-14 19:13:50.000000',1,'6d2c425ee39041a19119649587ac6073'),
(247,'eyJhbGciOiJIUzI1NiIsInR5cCI6IkpXVCJ9.eyJ0b2tlbl90eXBlIjoicmVmcmVzaCIsImV4cCI6MTY2ODQ1MzI3OCwianRpIjoiODY4MTA0YzA4NTlkNGNiMjkzOTc4NTUwYzEwMTE5ODEiLCJ1c2VyX2lkIjoxfQ.S3RFNxwb6g5ZQWkNjE_7f3NpYq_qeaFKwlUgRAuW1ME','2022-10-15 19:14:38.518361','2022-11-14 19:14:38.000000',1,'868104c0859d4cb293978550c1011981'),
(248,'eyJhbGciOiJIUzI1NiIsInR5cCI6IkpXVCJ9.eyJ0b2tlbl90eXBlIjoicmVmcmVzaCIsImV4cCI6MTY2ODQ1MzM2MCwianRpIjoiOGY1ZDMyNWZmOTUzNGIxMWExMDA4NDNhNWZjZDcwMjEiLCJ1c2VyX2lkIjoxfQ.hZ8i4g43ZRj4qii2OkUfoVHPdQMHdIrL-haVIhfOyKo','2022-10-15 19:16:00.645827','2022-11-14 19:16:00.000000',1,'8f5d325ff9534b11a100843a5fcd7021'),
(249,'eyJhbGciOiJIUzI1NiIsInR5cCI6IkpXVCJ9.eyJ0b2tlbl90eXBlIjoicmVmcmVzaCIsImV4cCI6MTY2ODQ1Mzk2MCwianRpIjoiMmM3OTAyY2JkMzQ1NDkwZmJlMjdhODgyY2ZkMDgyMDYiLCJ1c2VyX2lkIjoxfQ.RZ3ucS51oPU5qBNhHh5niLewfS96fdqjk7l9oqE8kI4','2022-10-15 19:26:00.420417','2022-11-14 19:26:00.000000',1,'2c7902cbd345490fbe27a882cfd08206'),
(250,'eyJhbGciOiJIUzI1NiIsInR5cCI6IkpXVCJ9.eyJ0b2tlbl90eXBlIjoicmVmcmVzaCIsImV4cCI6MTY2ODQ1Mzk4MiwianRpIjoiMzVkM2MwYjc4ZmUxNDM4MDhkNjVjMTEwNzVkYTFmY2IiLCJ1c2VyX2lkIjoxfQ.jtdk_wenWqHh6TkZkaPWKToi7cCcNUb-mHUWX5SNFkw','2022-10-15 19:26:22.977184','2022-11-14 19:26:22.000000',1,'35d3c0b78fe143808d65c11075da1fcb'),
(251,'eyJhbGciOiJIUzI1NiIsInR5cCI6IkpXVCJ9.eyJ0b2tlbl90eXBlIjoicmVmcmVzaCIsImV4cCI6MTY2ODQ1Mzk5MiwianRpIjoiOWRjZWJmNmJiMTkyNDVmMjg4ODk3YzU3NWZlNTFkNWIiLCJ1c2VyX2lkIjoxfQ.U_HEvzfe_Pb5lhY-YJCWvvbWC6ad45sCEr7eJk85TRs','2022-10-15 19:26:32.481288','2022-11-14 19:26:32.000000',1,'9dcebf6bb19245f288897c575fe51d5b'),
(252,'eyJhbGciOiJIUzI1NiIsInR5cCI6IkpXVCJ9.eyJ0b2tlbl90eXBlIjoicmVmcmVzaCIsImV4cCI6MTY2ODQ1NDAyNSwianRpIjoiMDg2ZGQ4MTZhNmI5NDBmZGE3MzYxMmU3N2QzZWNmNDUiLCJ1c2VyX2lkIjoxfQ.BGJw1Gkn3wH_4Kaj9paM9WlIWvqA95w41egjz7zjayc','2022-10-15 19:27:05.813809','2022-11-14 19:27:05.000000',1,'086dd816a6b940fda73612e77d3ecf45'),
(253,'eyJhbGciOiJIUzI1NiIsInR5cCI6IkpXVCJ9.eyJ0b2tlbl90eXBlIjoicmVmcmVzaCIsImV4cCI6MTY2ODQ1NDA0MCwianRpIjoiZTc1YWRmMzU0NDBhNDhlNzgxNmUyMTk5MGQ2OGNiNWUiLCJ1c2VyX2lkIjoxfQ.zDi2HdwOUYS4rVJijcnPk3AT-4g7VxY5Ck_-GrFlm3E','2022-10-15 19:27:20.725388','2022-11-14 19:27:20.000000',1,'e75adf35440a48e7816e21990d68cb5e'),
(254,'eyJhbGciOiJIUzI1NiIsInR5cCI6IkpXVCJ9.eyJ0b2tlbl90eXBlIjoicmVmcmVzaCIsImV4cCI6MTY2ODQ4NjEyMywianRpIjoiYWUyODg3MWI5Njg4NDNmNDgyYjBhZGViMWQ2MTlmYWEiLCJ1c2VyX2lkIjoxfQ.UTwRBT5StsT61PujwpQpCCnXY9p4ciKP2iwixX-f_3Y','2022-10-16 04:22:03.013319','2022-11-15 04:22:03.000000',1,'ae28871b968843f482b0adeb1d619faa'),
(255,'eyJhbGciOiJIUzI1NiIsInR5cCI6IkpXVCJ9.eyJ0b2tlbl90eXBlIjoicmVmcmVzaCIsImV4cCI6MTY2ODQ4OTI1MiwianRpIjoiYjcyNTk2OWFmMTkxNDI5ODhmMGQ2YjFmMmU5NWY0ZDciLCJ1c2VyX2lkIjoxfQ.F3dRJZ3VhTuuKSJ7vFxpGjtot7InA_InrsZbZO3JZdE','2022-10-16 05:14:12.043804','2022-11-15 05:14:12.000000',1,'b725969af19142988f0d6b1f2e95f4d7'),
(256,'eyJhbGciOiJIUzI1NiIsInR5cCI6IkpXVCJ9.eyJ0b2tlbl90eXBlIjoicmVmcmVzaCIsImV4cCI6MTY2ODQ4OTI3OSwianRpIjoiOWFiZjMxODE3MWRlNDU0ZDhkNGVkZGM3YmZhNDhhYmMiLCJ1c2VyX2lkIjoxfQ.ZzXXg8aoY9CwusG92UVrB967CNaa0xbWhAhJOmAuH6Y','2022-10-16 05:14:39.542887','2022-11-15 05:14:39.000000',1,'9abf318171de454d8d4eddc7bfa48abc'),
(257,'eyJhbGciOiJIUzI1NiIsInR5cCI6IkpXVCJ9.eyJ0b2tlbl90eXBlIjoicmVmcmVzaCIsImV4cCI6MTY2ODQ4OTQzNiwianRpIjoiMjZjNGUwODQ5M2NkNGM0Yzg2MThiNzVjYmU3OGI5YTkiLCJ1c2VyX2lkIjoxfQ.CxKEVaD-JqtA3HkmX72_9RJvPVMEwgrEvgBkrdosXHg','2022-10-16 05:17:16.477059','2022-11-15 05:17:16.000000',1,'26c4e08493cd4c4c8618b75cbe78b9a9'),
(258,'eyJhbGciOiJIUzI1NiIsInR5cCI6IkpXVCJ9.eyJ0b2tlbl90eXBlIjoicmVmcmVzaCIsImV4cCI6MTY2ODQ5Mzg0MywianRpIjoiNDQ0ZGU5NzA2ZjRiNDgxZDhlZjNkMzVkZWMwYTY5OGQiLCJ1c2VyX2lkIjoxfQ.K0I6LB60KYyheG5QQbphHyyaXLU4Eei3VUFLULOg_mM','2022-10-16 06:30:43.119463','2022-11-15 06:30:43.000000',1,'444de9706f4b481d8ef3d35dec0a698d'),
(259,'eyJhbGciOiJIUzI1NiIsInR5cCI6IkpXVCJ9.eyJ0b2tlbl90eXBlIjoicmVmcmVzaCIsImV4cCI6MTY2ODQ5OTUyNiwianRpIjoiNTU1OWE2NDIyYTg0NDNmMjg3Zjg3OGQ5NzFkYTljMTUiLCJ1c2VyX2lkIjoxfQ.sBCEiAdLaTBM2vrjohGXP08x5TtK_FbMRLlLr7OFZl8','2022-10-16 08:05:26.113338','2022-11-15 08:05:26.000000',1,'5559a6422a8443f287f878d971da9c15'),
(260,'eyJhbGciOiJIUzI1NiIsInR5cCI6IkpXVCJ9.eyJ0b2tlbl90eXBlIjoicmVmcmVzaCIsImV4cCI6MTY2ODQ5OTgwNCwianRpIjoiMTJhYjhkMmY4NDRlNDU3NzgyMzZjYjE2NjRmYzQ2MGEiLCJ1c2VyX2lkIjoxfQ.DL5qVVn4HSOzyN_zYftRVmJ83obqXaBJCX7LD36eIEA','2022-10-16 08:10:04.615232','2022-11-15 08:10:04.000000',1,'12ab8d2f844e45778236cb1664fc460a'),
(261,'eyJhbGciOiJIUzI1NiIsInR5cCI6IkpXVCJ9.eyJ0b2tlbl90eXBlIjoicmVmcmVzaCIsImV4cCI6MTY2ODQ5OTkwOSwianRpIjoiNzBjMTRiZTBmMTliNDlkOWFlMzFiOTU0YTFmMDhhZTIiLCJ1c2VyX2lkIjoxfQ.PtM7WeOzTa4xunOAfd30IxhT6Z90sXcfp3oq5SdU4Zc','2022-10-16 08:11:49.129015','2022-11-15 08:11:49.000000',1,'70c14be0f19b49d9ae31b954a1f08ae2'),
(262,'eyJhbGciOiJIUzI1NiIsInR5cCI6IkpXVCJ9.eyJ0b2tlbl90eXBlIjoicmVmcmVzaCIsImV4cCI6MTY2ODUwMjI2MiwianRpIjoiMWQwZmE0OTk4NjY0NDE4NmFkN2I3ZWUzMmZkNzY5M2YiLCJ1c2VyX2lkIjoxfQ.ktLbkuoWcfIFHbGfaGQR1cG0J_px8yCj7JtaDePyJ-Q',NULL,'2022-11-15 08:51:02.000000',NULL,'1d0fa49986644186ad7b7ee32fd7693f'),
(263,'eyJhbGciOiJIUzI1NiIsInR5cCI6IkpXVCJ9.eyJ0b2tlbl90eXBlIjoicmVmcmVzaCIsImV4cCI6MTY2ODUwNzE2NSwianRpIjoiZmI4Zjk3YTJjMzVhNDNjZjgzNzgxMGVlZjU2MTc5OWIiLCJ1c2VyX2lkIjoxfQ.UIoImkK692VVE3c9xEZpwRi_xoyT2IDhF1IypdV4lyo',NULL,'2022-11-15 10:12:45.000000',NULL,'fb8f97a2c35a43cf837810eef561799b');
/*!40000 ALTER TABLE `token_blacklist_outstandingtoken` ENABLE KEYS */;
UNLOCK TABLES;

--
-- Table structure for table `user_myuser`
--

DROP TABLE IF EXISTS `user_myuser`;
/*!40101 SET @saved_cs_client     = @@character_set_client */;
/*!40101 SET character_set_client = utf8 */;
CREATE TABLE `user_myuser` (
  `id` bigint(20) NOT NULL AUTO_INCREMENT,
  `last_login` datetime(6) DEFAULT NULL,
  `email` varchar(255) COLLATE utf8mb4_unicode_ci NOT NULL,
  `username` varchar(50) COLLATE utf8mb4_unicode_ci NOT NULL,
  `password` varchar(128) COLLATE utf8mb4_unicode_ci NOT NULL,
  `is_active` tinyint(1) NOT NULL,
  `is_admin` tinyint(1) NOT NULL,
  PRIMARY KEY (`id`),
  UNIQUE KEY `email` (`email`),
  UNIQUE KEY `username` (`username`)
) ENGINE=InnoDB AUTO_INCREMENT=5 DEFAULT CHARSET=utf8mb4 COLLATE=utf8mb4_unicode_ci;
/*!40101 SET character_set_client = @saved_cs_client */;

--
-- Dumping data for table `user_myuser`
--

LOCK TABLES `user_myuser` WRITE;
/*!40000 ALTER TABLE `user_myuser` DISABLE KEYS */;
INSERT INTO `user_myuser` VALUES
(1,'2022-10-16 08:11:49.142686','admin@pathy.com','admin','pbkdf2_sha256$390000$59CP4VQZWwnhXRyuSrZzpZ$qeKXxcIjVvEKIv8Z4GuqTLxdOHO8KhAL+bkyNbBMalA=',1,1),
(2,NULL,'aaa@a.com','aaa','pbkdf2_sha256$390000$Jcfa3WuJBdGKjfKbQ8VdGB$T7unXCt6HxyYPZ08FWjhSdNWlN+IeA+nkGlZ1XpeNL4=',1,0),
(3,NULL,'ccc@c.com','abc','pbkdf2_sha256$390000$ZapSSXH51yNFBq8qybf9Lk$7MfBVwP2KnE3C/5WNIr5StfE/jOMWQ3+17BU2rbgX7A=',0,0),
(4,NULL,'dddd@c.com','abcd','pbkdf2_sha256$390000$YQhDQiUDAnXbxS8SgaaBtj$9wUiVwBcXsg2WNruZ82P+B1GegDg4lofJ8l1RrGfkBU=',0,0);
/*!40000 ALTER TABLE `user_myuser` ENABLE KEYS */;
UNLOCK TABLES;
/*!40103 SET TIME_ZONE=@OLD_TIME_ZONE */;

/*!40101 SET SQL_MODE=@OLD_SQL_MODE */;
/*!40014 SET FOREIGN_KEY_CHECKS=@OLD_FOREIGN_KEY_CHECKS */;
/*!40014 SET UNIQUE_CHECKS=@OLD_UNIQUE_CHECKS */;
/*!40101 SET CHARACTER_SET_CLIENT=@OLD_CHARACTER_SET_CLIENT */;
/*!40101 SET CHARACTER_SET_RESULTS=@OLD_CHARACTER_SET_RESULTS */;
/*!40101 SET COLLATION_CONNECTION=@OLD_COLLATION_CONNECTION */;
/*!40111 SET SQL_NOTES=@OLD_SQL_NOTES */;

-- Dump completed on 2022-10-16 20:31:06
